0 info it worked if it ends with ok
1 verbose cli [ '/Users/drewbrokke/Documents/liferay/liferay-portal/workspaces/liferay-sample-workspace/playwright/build/node/bin/node',
1 verbose cli   '/Users/drewbrokke/Documents/liferay/liferay-portal/workspaces/liferay-sample-workspace/playwright/build/node/lib/node_modules/npm/bin/npm-cli.js',
1 verbose cli   '--production',
1 verbose cli   'false',
1 verbose cli   '--cache',
1 verbose cli   '/Users/drewbrokke/Documents/liferay/liferay-portal/workspaces/liferay-sample-workspace/playwright/build/node/.cache',
1 verbose cli   '--loglevel',
1 verbose cli   'warn',
1 verbose cli   '--progress',
1 verbose cli   'true',
1 verbose cli   'install' ]
2 info using npm@3.3.12
3 info using node@v5.5.0
4 silly loadCurrentTree Starting
5 silly install loadCurrentTree
6 silly install readLocalPackageData
7 silly install normalizeTree
8 silly loadCurrentTree Finishing
9 silly loadIdealTree Starting
10 silly install loadIdealTree
11 silly cloneCurrentTree Starting
12 silly install cloneCurrentTreeToIdealTree
13 silly cloneCurrentTree Finishing
14 silly loadShrinkwrap Starting
15 silly install loadShrinkwrap
16 silly loadShrinkwrap Finishing
17 silly loadAllDepsIntoIdealTree Starting
18 silly install loadAllDepsIntoIdealTree
19 silly fetchNamedPackageData @playwright/test
20 silly mapToRegistry name @playwright/test
21 silly mapToRegistry scope (from package name) @playwright
22 verbose mapToRegistry no registry URL found in name for scope @playwright
23 silly mapToRegistry using default registry
24 silly mapToRegistry registry https://registry.npmjs.org/
25 silly mapToRegistry uri https://registry.npmjs.org/@playwright%2ftest
26 silly fetchNamedPackageData @types/node
27 silly mapToRegistry name @types/node
28 silly mapToRegistry scope (from package name) @types
29 verbose mapToRegistry no registry URL found in name for scope @types
30 silly mapToRegistry using default registry
31 silly mapToRegistry registry https://registry.npmjs.org/
32 silly mapToRegistry uri https://registry.npmjs.org/@types%2fnode
33 verbose request uri https://registry.npmjs.org/@playwright%2ftest
34 verbose request no auth needed
35 info attempt registry request try #1 at 5:40:02 PM
36 verbose request using bearer token for auth
37 verbose request id 12f4dec950eb15cc
38 http request GET https://registry.npmjs.org/@playwright%2ftest
39 verbose request uri https://registry.npmjs.org/@types%2fnode
40 verbose request no auth needed
41 info attempt registry request try #1 at 5:40:02 PM
42 verbose request using bearer token for auth
43 http request GET https://registry.npmjs.org/@types%2fnode
44 http 200 https://registry.npmjs.org/@types%2fnode
45 verbose headers { date: 'Fri, 31 May 2024 22:40:02 GMT',
45 verbose headers   'content-type': 'application/json',
45 verbose headers   'transfer-encoding': 'chunked',
45 verbose headers   connection: 'keep-alive',
45 verbose headers   'cf-ray': '88ca76a24a81a1f5-MSP',
45 verbose headers   'cf-cache-status': 'HIT',
45 verbose headers   'access-control-allow-origin': '*',
45 verbose headers   age: '57',
45 verbose headers   'cache-control': 'public, max-age=300',
45 verbose headers   etag: 'W/"0778359a3e54e40ac91dbf91dc47a6d0"',
45 verbose headers   'last-modified': 'Fri, 31 May 2024 19:32:44 GMT',
45 verbose headers   vary: 'accept-encoding, accept',
45 verbose headers   server: 'cloudflare',
45 verbose headers   'content-encoding': 'gzip' }
46 silly get cb [ 200,
46 silly get   { date: 'Fri, 31 May 2024 22:40:02 GMT',
46 silly get     'content-type': 'application/json',
46 silly get     'transfer-encoding': 'chunked',
46 silly get     connection: 'keep-alive',
46 silly get     'cf-ray': '88ca76a24a81a1f5-MSP',
46 silly get     'cf-cache-status': 'HIT',
46 silly get     'access-control-allow-origin': '*',
46 silly get     age: '57',
46 silly get     'cache-control': 'public, max-age=300',
46 silly get     etag: 'W/"0778359a3e54e40ac91dbf91dc47a6d0"',
46 silly get     'last-modified': 'Fri, 31 May 2024 19:32:44 GMT',
46 silly get     vary: 'accept-encoding, accept',
46 silly get     server: 'cloudflare',
46 silly get     'content-encoding': 'gzip' } ]
47 verbose get saving @types/node to /Users/drewbrokke/Documents/liferay/liferay-portal/workspaces/liferay-sample-workspace/playwright/build/node/.cache/registry.npmjs.org/_40types_252fnode/.cache.json
48 silly resolveWithNewModule @types/node@20.13.0 checking installable status
49 silly cache add args [ '@types/node@^20.12.12', null ]
50 verbose cache add spec @types/node@^20.12.12
51 silly cache add parsed spec Result {
51 silly cache add   raw: '@types/node@^20.12.12',
51 silly cache add   scope: '@types',
51 silly cache add   name: '@types/node',
51 silly cache add   rawSpec: '^20.12.12',
51 silly cache add   spec: '>=20.12.12 <21.0.0',
51 silly cache add   type: 'range' }
52 silly addNamed @types/node@>=20.12.12 <21.0.0
53 verbose addNamed ">=20.12.12 <21.0.0" is a valid semver range for @types/node
54 silly addNameRange { name: '@types/node',
54 silly addNameRange   range: '>=20.12.12 <21.0.0',
54 silly addNameRange   hasData: false }
55 silly mapToRegistry name @types/node
56 silly mapToRegistry scope (from package name) @types
57 verbose mapToRegistry no registry URL found in name for scope @types
58 silly mapToRegistry using default registry
59 silly mapToRegistry registry https://registry.npmjs.org/
60 silly mapToRegistry uri https://registry.npmjs.org/@types%2fnode
61 verbose addNameRange registry:https://registry.npmjs.org/@types%2fnode not in flight; fetching
62 verbose get https://registry.npmjs.org/@types%2fnode not expired, no request
63 silly addNameRange number 2 { name: '@types/node',
63 silly addNameRange   range: '>=20.12.12 <21.0.0',
63 silly addNameRange   hasData: true }
64 silly addNameRange versions [ '@types/node',
64 silly addNameRange   [ '4.0.15-alpha',
64 silly addNameRange     '4.0.16-alpha',
64 silly addNameRange     '4.0.21-alpha',
64 silly addNameRange     '4.0.22-alpha',
64 silly addNameRange     '4.0.23-alpha',
64 silly addNameRange     '4.0.24-alpha',
64 silly addNameRange     '4.0.25-alpha',
64 silly addNameRange     '4.0.26-alpha',
64 silly addNameRange     '4.0.27-alpha',
64 silly addNameRange     '4.0.28-alpha',
64 silly addNameRange     '4.0.29',
64 silly addNameRange     '4.0.30',
64 silly addNameRange     '6.0.31',
64 silly addNameRange     '6.0.32',
64 silly addNameRange     '6.0.33',
64 silly addNameRange     '6.0.34',
64 silly addNameRange     '6.0.35',
64 silly addNameRange     '6.0.36',
64 silly addNameRange     '6.0.37',
64 silly addNameRange     '6.0.38',
64 silly addNameRange     '6.0.39',
64 silly addNameRange     '6.0.40',
64 silly addNameRange     '6.0.41',
64 silly addNameRange     '6.0.42',
64 silly addNameRange     '6.0.43',
64 silly addNameRange     '6.0.44',
64 silly addNameRange     '6.0.45',
64 silly addNameRange     '6.0.46',
64 silly addNameRange     '6.0.47',
64 silly addNameRange     '6.0.48',
64 silly addNameRange     '6.0.49',
64 silly addNameRange     '6.0.50',
64 silly addNameRange     '6.0.51',
64 silly addNameRange     '0.0.0',
64 silly addNameRange     '0.0.1',
64 silly addNameRange     '0.0.2',
64 silly addNameRange     '0.0.3',
64 silly addNameRange     '6.0.52',
64 silly addNameRange     '6.0.53',
64 silly addNameRange     '6.0.54',
64 silly addNameRange     '6.0.55',
64 silly addNameRange     '6.0.56',
64 silly addNameRange     '6.0.57',
64 silly addNameRange     '6.0.58',
64 silly addNameRange     '6.0.59',
64 silly addNameRange     '4.2.0',
64 silly addNameRange     '0.12.0',
64 silly addNameRange     '7.0.0',
64 silly addNameRange     '6.0.60',
64 silly addNameRange     '7.0.1',
64 silly addNameRange     '6.0.61',
64 silly addNameRange     '7.0.2',
64 silly addNameRange     '7.0.3',
64 silly addNameRange     '7.0.4',
64 silly addNameRange     '4.2.1',
64 silly addNameRange     '6.0.62',
64 silly addNameRange     '7.0.5',
64 silly addNameRange     '6.0.63',
64 silly addNameRange     '4.2.2',
64 silly addNameRange     '0.12.1',
64 silly addNameRange     '4.2.3',
64 silly addNameRange     '6.0.64',
64 silly addNameRange     '7.0.6',
64 silly addNameRange     '6.0.65',
64 silly addNameRange     '7.0.7',
64 silly addNameRange     '7.0.8',
64 silly addNameRange     '4.2.4',
64 silly addNameRange     '0.12.2',
64 silly addNameRange     '6.0.66',
64 silly addNameRange     '7.0.9',
64 silly addNameRange     '7.0.10',
64 silly addNameRange     '7.0.11',
64 silly addNameRange     '6.0.67',
64 silly addNameRange     '6.0.68',
64 silly addNameRange     '7.0.12',
64 silly addNameRange     '4.2.5',
64 silly addNameRange     '0.12.3',
64 silly addNameRange     '6.0.69',
64 silly addNameRange     '0.12.4',
64 silly addNameRange     '4.2.6',
64 silly addNameRange     '6.0.70',
64 silly addNameRange     '7.0.13',
64 silly addNameRange     '7.0.14',
64 silly addNameRange     '6.0.71',
64 silly addNameRange     '7.0.15',
64 silly addNameRange     '4.2.7',
64 silly addNameRange     '6.0.72',
64 silly addNameRange     '7.0.16',
64 silly addNameRange     '7.0.17',
64 silly addNameRange     '7.0.18',
64 silly addNameRange     '4.2.8',
64 silly addNameRange     '6.0.73',
64 silly addNameRange     '7.0.19',
64 silly addNameRange     '7.0.20',
64 silly addNameRange     '7.0.21',
64 silly addNameRange     '7.0.22',
64 silly addNameRange     '6.0.74',
64 silly addNameRange     '7.0.23',
64 silly addNameRange     '7.0.24',
64 silly addNameRange     '6.0.75',
64 silly addNameRange     '4.2.9',
64 silly addNameRange     '6.0.76',
64 silly addNameRange     '7.0.25',
64 silly addNameRange     '7.0.26',
64 silly addNameRange     '0.12.5',
64 silly addNameRange     '4.2.10',
64 silly addNameRange     '6.0.77',
64 silly addNameRange     '7.0.27',
64 silly addNameRange     '0.12.6',
64 silly addNameRange     '7.0.28',
64 silly addNameRange     '4.2.11',
64 silly addNameRange     '6.0.78',
64 silly addNameRange     '7.0.29',
64 silly addNameRange     '7.0.30',
64 silly addNameRange     '7.0.31',
64 silly addNameRange     '7.0.32',
64 silly addNameRange     '8.0.0',
64 silly addNameRange     '8.0.1',
64 silly addNameRange     '8.0.2',
64 silly addNameRange     '8.0.3',
64 silly addNameRange     '8.0.4',
64 silly addNameRange     '8.0.5',
64 silly addNameRange     '6.0.79',
64 silly addNameRange     '7.0.33',
64 silly addNameRange     '4.2.12',
64 silly addNameRange     '8.0.6',
64 silly addNameRange     '8.0.7',
64 silly addNameRange     '8.0.8',
64 silly addNameRange     '8.0.9',
64 silly addNameRange     '7.0.34',
64 silly addNameRange     '8.0.10',
64 silly addNameRange     '6.0.80',
64 silly addNameRange     '6.0.81',
64 silly addNameRange     '4.2.13',
64 silly addNameRange     '7.0.35',
64 silly addNameRange     '8.0.11',
64 silly addNameRange     '6.0.82',
64 silly addNameRange     '7.0.36',
64 silly addNameRange     '8.0.12',
64 silly addNameRange     '6.0.83',
64 silly addNameRange     '7.0.37',
64 silly addNameRange     '8.0.13',
64 silly addNameRange     '4.2.14',
64 silly addNameRange     '4.2.15',
64 silly addNameRange     '0.12.7',
64 silly addNameRange     '6.0.84',
64 silly addNameRange     '8.0.14',
64 silly addNameRange     '7.0.38',
64 silly addNameRange     '0.12.8',
64 silly addNameRange     '4.2.16',
64 silly addNameRange     '6.0.85',
64 silly addNameRange     '7.0.39',
64 silly addNameRange     '8.0.15',
64 silly addNameRange     '8.0.16',
64 silly addNameRange     '8.0.17',
64 silly addNameRange     '8.0.18',
64 silly addNameRange     '8.0.19',
64 silly addNameRange     '8.0.20',
64 silly addNameRange     '4.2.17',
64 silly addNameRange     '6.0.86',
64 silly addNameRange     '7.0.40',
64 silly addNameRange     '8.0.21',
64 silly addNameRange     '4.2.18',
64 silly addNameRange     '7.0.41',
64 silly addNameRange     '8.0.22',
64 silly addNameRange     '6.0.87',
64 silly addNameRange     '0.12.9',
64 silly addNameRange     '4.2.19',
64 silly addNameRange     '8.0.23',
64 silly addNameRange     '7.0.42',
64 silly addNameRange     '8.0.24',
64 silly addNameRange     '6.0.88',
64 silly addNameRange     '8.0.25',
64 silly addNameRange     '0.12.10',
64 silly addNameRange     '7.0.43',
64 silly addNameRange     '4.2.20',
64 silly addNameRange     '8.0.26',
64 silly addNameRange     '8.0.27',
64 silly addNameRange     '8.0.28',
64 silly addNameRange     '8.0.29',
64 silly addNameRange     '8.0.30',
64 silly addNameRange     '8.0.31',
64 silly addNameRange     '8.0.32',
64 silly addNameRange     '6.0.89',
64 silly addNameRange     '8.0.33',
64 silly addNameRange     '8.0.34',
64 silly addNameRange     '8.0.35',
64 silly addNameRange     '8.0.36',
64 silly addNameRange     '7.0.44',
64 silly addNameRange     '8.0.37',
64 silly addNameRange     '8.0.38',
64 silly addNameRange     '8.0.39',
64 silly addNameRange     '8.0.40',
64 silly addNameRange     '8.0.41',
64 silly addNameRange     '8.0.42',
64 silly addNameRange     '8.0.43',
64 silly addNameRange     '8.0.44',
64 silly addNameRange     '0.12.11',
64 silly addNameRange     '6.0.90',
64 silly addNameRange     '4.2.21',
64 silly addNameRange     '8.0.45',
64 silly addNameRange     '7.0.45',
64 silly addNameRange     '7.0.46',
64 silly addNameRange     '8.0.46',
64 silly addNameRange     '8.0.47',
64 silly addNameRange     '8.0.48',
64 silly addNameRange     '8.0.49',
64 silly addNameRange     '8.0.50',
64 silly addNameRange     '8.0.51',
64 silly addNameRange     '6.0.91',
64 silly addNameRange     '4.2.22',
64 silly addNameRange     '8.0.52',
64 silly addNameRange     '7.0.47',
64 silly addNameRange     '6.0.92',
64 silly addNameRange     '4.2.23',
64 silly addNameRange     '7.0.48',
64 silly addNameRange     '8.0.53',
64 silly addNameRange     '8.0.54',
64 silly addNameRange     '8.0.55',
64 silly addNameRange     '4.0.31',
64 silly addNameRange     '8.0.56',
64 silly addNameRange     '8.0.57',
64 silly addNameRange     '6.0.93',
64 silly addNameRange     '4.0.32',
64 silly addNameRange     '7.0.49',
64 silly addNameRange     '8.0.58',
64 silly addNameRange     '8.5.0',
64 silly addNameRange     '0.12.12',
64 silly addNameRange     '7.0.50',
64 silly addNameRange     '8.5.1',
64 silly addNameRange     '6.0.94',
64 silly addNameRange     '4.0.33',
64 silly addNameRange     '0.12.13',
64 silly addNameRange     '8.5.2',
64 silly addNameRange     '4.0.34',
64 silly addNameRange     '7.0.51',
64 silly addNameRange     '6.0.95',
64 silly addNameRange     '8.5.3',
64 silly addNameRange     '8.5.4',
64 silly addNameRange     '8.5.5',
64 silly addNameRange     '0.12.14',
64 silly addNameRange     '7.0.52',
64 silly addNameRange     '4.0.35',
64 silly addNameRange     '8.5.6',
64 silly addNameRange     '6.0.96',
64 silly addNameRange     '8.5.7',
64 silly addNameRange     '8.5.8',
64 silly addNameRange     '9.3.0',
64 silly addNameRange     '8.5.9',
64 silly addNameRange     '9.4.0',
64 silly addNameRange     '6.0.97',
64 silly addNameRange     '8.5.10',
64 silly addNameRange     '9.4.1',
64 silly addNameRange     '7.0.53',
64 silly addNameRange     '8.9.0',
64 silly addNameRange     '9.4.2',
64 silly addNameRange     '6.0.98',
64 silly addNameRange     '9.4.3',
64 silly addNameRange     '6.0.99',
64 silly addNameRange     '8.9.1',
64 silly addNameRange     '7.0.54',
64 silly addNameRange     '4.0.36',
64 silly addNameRange     '9.4.4',
64 silly addNameRange     '6.0.100',
64 silly addNameRange     '8.9.2',
64 silly addNameRange     '9.4.5',
64 silly addNameRange     '8.9.3',
64 silly addNameRange     '4.0.37',
64 silly addNameRange     '7.0.55',
64 silly addNameRange     '0.12.15',
64 silly addNameRange     '8.9.4',
64 silly addNameRange     '6.0.101',
64 silly addNameRange     '9.4.6',
64 silly addNameRange     '6.0.102',
64 silly addNameRange     '7.0.56',
64 silly addNameRange     '9.4.7',
64 silly addNameRange     '8.9.5',
64 silly addNameRange     '4.0.38',
64 silly addNameRange     '8.10.0',
64 silly addNameRange     '6.0.103',
64 silly addNameRange     '7.0.57',
64 silly addNameRange     '9.6.0',
64 silly addNameRange     '7.0.58',
64 silly addNameRange     '9.6.1',
64 silly addNameRange     '8.10.1',
64 silly addNameRange     '4.0.39',
64 silly addNameRange     '6.0.104',
64 silly addNameRange     '0.12.16',
64 silly addNameRange     '7.0.59',
64 silly addNameRange     '9.6.2',
64 silly addNameRange     '8.10.2',
64 silly addNameRange     '8.10.3',
64 silly addNameRange     '8.10.4',
64 silly addNameRange     '6.0.105',
64 silly addNameRange     '7.0.60',
64 silly addNameRange     '8.10.5',
64 silly addNameRange     '8.10.6',
64 silly addNameRange     '9.6.3',
64 silly addNameRange     '8.10.7',
64 silly addNameRange     '9.6.4',
64 silly addNameRange     '7.0.61',
64 silly addNameRange     '9.6.5',
64 silly addNameRange     '8.10.8',
64 silly addNameRange     '4.0.40',
64 silly addNameRange     '6.0.106',
64 silly addNameRange     '8.10.9',
64 silly addNameRange     '9.6.6',
64 silly addNameRange     '8.10.10',
64 silly addNameRange     '10.0.0',
64 silly addNameRange     '9.6.7',
64 silly addNameRange     '10.0.1',
64 silly addNameRange     '7.0.62',
64 silly addNameRange     '6.0.107',
64 silly addNameRange     '4.0.41',
64 silly addNameRange     '9.6.8',
64 silly addNameRange     '8.10.11',
64 silly addNameRange     '10.0.2',
64 silly addNameRange     '10.0.3',
64 silly addNameRange     '9.6.9',
64 silly addNameRange     '0.12.17',
64 silly addNameRange     '7.0.63',
64 silly addNameRange     '9.6.10',
64 silly addNameRange     '4.0.42',
64 silly addNameRange     '9.6.11',
64 silly addNameRange     '6.0.108',
64 silly addNameRange     '8.10.12',
64 silly addNameRange     '9.6.12',
64 silly addNameRange     '10.0.4',
64 silly addNameRange     '9.6.13',
64 silly addNameRange     '6.0.109',
64 silly addNameRange     '10.0.5',
64 silly addNameRange     '8.10.13',
64 silly addNameRange     '7.0.64',
64 silly addNameRange     '9.6.14',
64 silly addNameRange     '10.0.6',
64 silly addNameRange     '10.0.7',
64 silly addNameRange     '9.6.15',
64 silly addNameRange     '10.0.8',
64 silly addNameRange     '8.10.14',
64 silly addNameRange     '6.0.110',
64 silly addNameRange     '10.0.9',
64 silly addNameRange     '9.6.16',
64 silly addNameRange     '8.10.15',
64 silly addNameRange     '10.0.10',
64 silly addNameRange     '10.1.0',
64 silly addNameRange     '8.10.16',
64 silly addNameRange     '9.6.17',
64 silly addNameRange     '10.1.1',
64 silly addNameRange     '7.0.65',
64 silly addNameRange     '0.12.18',
64 silly addNameRange     '8.10.17',
64 silly addNameRange     '6.0.111',
64 silly addNameRange     '4.0.43',
64 silly addNameRange     '9.6.18',
64 silly addNameRange     '10.1.2',
64 silly addNameRange     '10.1.3',
64 silly addNameRange     '9.6.19',
64 silly addNameRange     '10.1.4',
64 silly addNameRange     '6.0.112',
64 silly addNameRange     '8.10.18',
64 silly addNameRange     '9.6.20',
64 silly addNameRange     '10.3.0',
64 silly addNameRange     '10.3.1',
64 silly addNameRange     '8.10.19',
64 silly addNameRange     '9.6.21',
64 silly addNameRange     '10.3.2',
64 silly addNameRange     '4.0.44',
64 silly addNameRange     '6.0.113',
64 silly addNameRange     '7.0.66',
64 silly addNameRange     '8.10.20',
64 silly addNameRange     '10.3.3',
64 silly addNameRange     '9.6.22',
64 silly addNameRange     '10.3.4',
64 silly addNameRange     '10.3.5',
64 silly addNameRange     '10.3.6',
64 silly addNameRange     '10.5.0',
64 silly addNameRange     '10.5.1',
64 silly addNameRange     '0.12.19',
64 silly addNameRange     '4.0.45',
64 silly addNameRange     '6.0.114',
64 silly addNameRange     '8.10.21',
64 silly addNameRange     '7.0.67',
64 silly addNameRange     '9.6.23',
64 silly addNameRange     '10.5.2',
64 silly addNameRange     '10.5.3',
64 silly addNameRange     '8.10.22',
64 silly addNameRange     '9.6.24',
64 silly addNameRange     '10.5.4',
64 silly addNameRange     '6.0.115',
64 silly addNameRange     '7.0.68',
64 silly addNameRange     '8.10.23',
64 silly addNameRange     '9.6.25',
64 silly addNameRange     '10.5.5',
64 silly addNameRange     '10.5.6',
64 silly addNameRange     '0.12.20',
64 silly addNameRange     '4.0.46',
64 silly addNameRange     '6.0.116',
64 silly addNameRange     '7.0.69',
64 silly addNameRange     '8.10.24',
64 silly addNameRange     '10.5.7',
64 silly addNameRange     '9.6.26',
64 silly addNameRange     '8.10.25',
64 silly addNameRange     '9.6.27',
64 silly addNameRange     '10.5.8',
64 silly addNameRange     '10.7.0',
64 silly addNameRange     '8.10.26',
64 silly addNameRange     '9.6.28',
64 silly addNameRange     '10.7.1',
64 silly addNameRange     '10.7.2',
64 silly addNameRange     '10.9.0',
64 silly addNameRange     '8.10.27',
64 silly addNameRange     '9.6.29',
64 silly addNameRange     '10.9.1',
64 silly addNameRange     '8.10.28',
64 silly addNameRange     '9.6.30',
64 silly addNameRange     '10.9.2',
64 silly addNameRange     '10.9.3',
64 silly addNameRange     '4.0.47',
64 silly addNameRange     '6.0.117',
64 silly addNameRange     '7.0.70',
64 silly addNameRange     '8.10.29',
64 silly addNameRange     '9.6.31',
64 silly addNameRange     '10.9.4',
64 silly addNameRange     '10.10.0',
64 silly addNameRange     '10.10.1',
64 silly addNameRange     '8.10.30',
64 silly addNameRange     '10.10.2',
64 silly addNameRange     '9.6.32',
64 silly addNameRange     '10.10.3',
64 silly addNameRange     '10.11.0',
64 silly addNameRange     '10.11.1',
64 silly addNameRange     '10.11.2',
64 silly addNameRange     '10.11.3',
64 silly addNameRange     '8.10.31',
64 silly addNameRange     '8.10.32',
64 silly addNameRange     '8.10.33',
64 silly addNameRange     '9.6.33',
64 silly addNameRange     '10.11.4',
64 silly addNameRange     '4.0.48',
64 silly addNameRange     '6.0.118',
64 silly addNameRange     '7.0.71',
64 silly addNameRange     '8.10.34',
64 silly addNameRange     '9.6.34',
64 silly addNameRange     '8.10.35',
64 silly addNameRange     '10.11.5',
64 silly addNameRange     '0.12.21',
64 silly addNameRange     '4.9.0',
64 silly addNameRange     '6.14.0',
64 silly addNameRange     '7.10.0',
64 silly addNameRange     '8.10.36',
64 silly addNameRange     '9.6.35',
64 silly addNameRange     '10.11.6',
64 silly addNameRange     '10.11.7',
64 silly addNameRange     '10.12.0',
64 silly addNameRange     '10.12.1',
64 silly addNameRange     '0.12.22',
64 silly addNameRange     '4.9.1',
64 silly addNameRange     '6.14.1',
64 silly addNameRange     '7.10.1',
64 silly addNameRange     '8.10.37',
64 silly addNameRange     '9.6.36',
64 silly addNameRange     '10.12.2',
64 silly addNameRange     '10.12.3',
64 silly addNameRange     '10.12.4',
64 silly addNameRange     '10.12.5',
64 silly addNameRange     '9.6.37',
64 silly addNameRange     '10.12.6',
64 silly addNameRange     '10.12.7',
64 silly addNameRange     '6.14.2',
64 silly addNameRange     '7.10.2',
64 silly addNameRange     '8.10.38',
64 silly addNameRange     '9.6.38',
64 silly addNameRange     '10.12.8',
64 silly addNameRange     '9.6.39',
64 silly addNameRange     '10.12.9',
64 silly addNameRange     '10.12.10',
64 silly addNameRange     '9.6.40',
64 silly addNameRange     '10.12.11',
64 silly addNameRange     '10.12.12',
64 silly addNameRange     '10.12.13',
64 silly addNameRange     '10.12.14',
64 silly addNameRange     '10.12.15',
64 silly addNameRange     '10.12.16',
64 silly addNameRange     '8.10.39',
64 silly addNameRange     '9.6.41',
64 silly addNameRange     '10.12.17',
64 silly addNameRange     '10.12.18',
64 silly addNameRange     '10.12.19',
64 silly addNameRange     '10.12.20',
64 silly addNameRange     '10.12.21',
64 silly addNameRange     '10.12.22',
64 silly addNameRange     '10.12.23',
64 silly addNameRange     '10.12.24',
64 silly addNameRange     '9.6.42',
64 silly addNameRange     '8.10.40',
64 silly addNameRange     '7.10.3',
64 silly addNameRange     '6.14.3',
64 silly addNameRange     '4.9.2',
64 silly addNameRange     '11.9.0',
64 silly addNameRange     '10.12.25',
64 silly addNameRange     '11.9.1',
64 silly addNameRange     '11.9.2',
64 silly addNameRange     '11.9.3',
64 silly addNameRange     '10.12.26',
64 silly addNameRange     '11.9.4',
64 silly addNameRange     '11.9.5',
64 silly addNameRange     '10.12.27',
64 silly addNameRange     '11.9.6',
64 silly addNameRange     '11.10.0',
64 silly addNameRange     '11.10.1',
64 silly addNameRange     '10.12.28',
64 silly addNameRange     '9.6.43',
64 silly addNameRange     '8.10.41',
64 silly addNameRange     '7.10.4',
64 silly addNameRange     '6.14.4',
64 silly addNameRange     '4.9.3',
64 silly addNameRange     '0.12.23',
64 silly addNameRange     '11.10.2',
64 silly addNameRange     '11.10.3',
64 silly addNameRange     '11.10.4',
64 silly addNameRange     '10.12.29',
64 silly addNameRange     '9.6.44',
64 silly addNameRange     '8.10.42',
64 silly addNameRange     '7.10.5',
64 silly addNameRange     '11.10.5',
64 silly addNameRange     '10.12.30',
64 silly addNameRange     '9.6.45',
64 silly addNameRange     '8.10.43',
64 silly addNameRange     '11.10.6',
64 silly addNameRange     '11.11.0',
64 silly addNameRange     '11.11.1',
64 silly addNameRange     '11.11.2',
64 silly addNameRange     '10.14.0',
64 silly addNameRange     '11.11.3',
64 silly addNameRange     '10.14.1',
64 silly addNameRange     '9.6.46',
64 silly addNameRange     '8.10.44',
64 silly addNameRange     '11.11.4',
64 silly addNameRange     '11.11.5',
64 silly addNameRange     '10.14.2',
64 silly addNameRange     '11.11.6',
64 silly addNameRange     '10.14.3',
64 silly addNameRange     '9.6.47',
64 silly addNameRange     '8.10.45',
64 silly addNameRange     '11.11.7',
64 silly addNameRange     '10.14.4',
64 silly addNameRange     '11.11.8',
64 silly addNameRange     '11.12.0',
64 silly addNameRange     '11.12.1',
64 silly addNameRange     '11.12.2',
64 silly addNameRange     '11.12.3',
64 silly addNameRange     '11.12.4',
64 silly addNameRange     '11.13.0',
64 silly addNameRange     '11.13.1',
64 silly addNameRange     '11.13.2',
64 silly addNameRange     '11.13.3',
64 silly addNameRange     '11.13.4',
64 silly addNameRange     '11.13.5',
64 silly addNameRange     '11.13.6',
64 silly addNameRange     '10.14.5',
64 silly addNameRange     '8.10.46',
64 silly addNameRange     '6.14.5',
64 silly addNameRange     '11.13.7',
64 silly addNameRange     '11.13.8',
64 silly addNameRange     '10.14.6',
64 silly addNameRange     '8.10.47',
64 silly addNameRange     '9.6.48',
64 silly addNameRange     '8.10.48',
64 silly addNameRange     '7.10.6',
64 silly addNameRange     '6.14.6',
64 silly addNameRange     '11.13.9',
64 silly addNameRange     '12.0.0',
64 silly addNameRange     '11.13.10',
64 silly addNameRange     '12.0.1',
64 silly addNameRange     '12.0.2',
64 silly addNameRange     '11.13.11',
64 silly addNameRange     '10.14.7',
64 silly addNameRange     '12.0.3',
64 silly addNameRange     '11.13.12',
64 silly addNameRange     '12.0.4',
64 silly addNameRange     '11.13.13',
64 silly addNameRange     '10.14.8',
64 silly addNameRange     '9.6.49',
64 silly addNameRange     '8.10.49',
64 silly addNameRange     '12.0.5',
64 silly addNameRange     '12.0.6',
64 silly addNameRange     '12.0.7',
64 silly addNameRange     '12.0.8',
64 silly addNameRange     '11.13.14',
64 silly addNameRange     '10.14.9',
64 silly addNameRange     '12.0.9',
64 silly addNameRange     '12.0.10',
64 silly addNameRange     '11.13.15',
64 silly addNameRange     '10.14.10',
64 silly addNameRange     '12.0.11',
64 silly addNameRange     '11.13.16',
64 silly addNameRange     '10.14.11',
64 silly addNameRange     '8.10.50',
64 silly addNameRange     '12.0.12',
64 silly addNameRange     '11.13.17',
64 silly addNameRange     '10.14.12',
64 silly addNameRange     '12.6.0',
64 silly addNameRange     '12.6.1',
64 silly addNameRange     '12.6.2',
64 silly addNameRange     '12.6.3',
64 silly addNameRange     '12.6.4',
64 silly addNameRange     '12.6.5',
64 silly addNameRange     '12.6.6',
64 silly addNameRange     '12.6.7',
64 silly addNameRange     '11.13.18',
64 silly addNameRange     '10.14.13',
64 silly addNameRange     '9.6.50',
64 silly addNameRange     '8.10.51',
64 silly addNameRange     '7.10.7',
64 silly addNameRange     '6.14.7',
64 silly addNameRange     '12.6.8',
64 silly addNameRange     '10.14.14',
64 silly addNameRange     '12.6.9',
64 silly addNameRange     '12.7.0',
64 silly addNameRange     '12.7.1',
64 silly addNameRange     '11.13.19',
64 silly addNameRange     '10.14.15',
64 silly addNameRange     '12.7.2',
64 silly addNameRange     '10.14.16',
64 silly addNameRange     '9.6.51',
64 silly addNameRange     '8.10.52',
64 silly addNameRange     '12.7.3',
64 silly addNameRange     '11.13.20',
64 silly addNameRange     '10.14.17',
64 silly addNameRange     '8.10.53',
64 silly addNameRange     '12.7.4',
64 silly addNameRange     '12.7.5',
64 silly addNameRange     '10.14.18',
64 silly addNameRange     '9.6.52',
64 silly addNameRange     '8.10.54',
64 silly addNameRange     '12.7.6',
64 silly addNameRange     '11.13.21',
64 silly addNameRange     '10.14.19',
64 silly addNameRange     '12.7.7',
64 silly addNameRange     '12.7.8',
64 silly addNameRange     '12.7.9',
64 silly addNameRange     '12.7.10',
64 silly addNameRange     '11.13.22',
64 silly addNameRange     '10.14.20',
64 silly addNameRange     '12.7.11',
64 silly addNameRange     '12.7.12',
64 silly addNameRange     '10.14.21',
64 silly addNameRange     '12.11.0',
64 silly addNameRange     '12.11.1',
64 silly addNameRange     '10.14.22',
64 silly addNameRange     '8.10.55',
64 silly addNameRange     '12.11.2',
64 silly addNameRange     '12.11.3',
64 silly addNameRange     '12.11.4',
64 silly addNameRange     '12.11.5',
64 silly addNameRange     '12.11.6',
64 silly addNameRange     '11.13.23',
64 silly addNameRange     '12.11.7',
64 silly addNameRange     '11.15.0',
64 silly addNameRange     '10.17.0',
64 silly addNameRange     '9.6.53',
64 silly addNameRange     '8.10.56',
64 silly addNameRange     '7.10.8',
64 silly addNameRange     '6.14.8',
64 silly addNameRange     '4.9.4',
64 silly addNameRange     '0.12.24',
64 silly addNameRange     '12.12.0',
64 silly addNameRange     '12.12.1',
64 silly addNameRange     '12.12.2',
64 silly addNameRange     '11.15.1',
64 silly addNameRange     '10.17.1',
64 silly addNameRange     '9.6.54',
64 silly addNameRange     '8.10.57',
64 silly addNameRange     '7.10.9',
64 silly addNameRange     '6.14.9',
64 silly addNameRange     '12.12.3',
64 silly addNameRange     '11.15.2',
64 silly addNameRange     '10.17.2',
64 silly addNameRange     '9.6.55',
64 silly addNameRange     '8.10.58',
64 silly addNameRange     '12.12.4',
64 silly addNameRange     '10.17.3',
64 silly addNameRange     '12.12.5',
64 silly addNameRange     '12.12.6',
64 silly addNameRange     '10.17.4',
64 silly addNameRange     '12.12.7',
64 silly addNameRange     '10.17.5',
64 silly addNameRange     '8.10.59',
64 silly addNameRange     '12.12.8',
64 silly addNameRange     '12.12.9',
64 silly addNameRange     '12.12.10',
64 silly addNameRange     '12.12.11',
64 silly addNameRange     '12.12.12',
64 silly addNameRange     '12.12.13',
64 silly addNameRange     '11.15.3',
64 silly addNameRange     '10.17.6',
64 silly addNameRange     '12.12.14',
64 silly addNameRange     '12.12.15',
64 silly addNameRange     '10.17.7',
64 silly addNameRange     '12.12.16',
64 silly addNameRange     '10.17.8',
64 silly addNameRange     '12.12.17',
64 silly addNameRange     '10.17.9',
64 silly addNameRange     '12.12.18',
64 silly addNameRange     '12.12.19',
64 silly addNameRange     '10.17.10',
64 silly addNameRange     '12.12.20',
64 silly addNameRange     '10.17.11',
64 silly addNameRange     '12.12.21',
64 silly addNameRange     '13.1.0',
64 silly addNameRange     '12.12.22',
64 silly addNameRange     '10.17.12',
64 silly addNameRange     '13.1.1',
64 silly addNameRange     '10.17.13',
64 silly addNameRange     '13.1.2',
64 silly addNameRange     '12.12.23',
64 silly addNameRange     '13.1.3',
64 silly addNameRange     '13.1.4',
64 silly addNameRange     '12.12.24',
64 silly addNameRange     '11.15.4',
64 silly addNameRange     '13.1.5',
64 silly addNameRange     '13.1.6',
64 silly addNameRange     '13.1.7',
64 silly addNameRange     '13.1.8',
64 silly addNameRange     '12.12.25',
64 silly addNameRange     '13.5.0',
64 silly addNameRange     '13.5.1',
64 silly addNameRange     '12.12.26',
64 silly addNameRange     '11.15.5',
64 silly addNameRange     '10.17.14',
64 silly addNameRange     '13.5.2',
64 silly addNameRange     '13.5.3',
64 silly addNameRange     '13.7.0',
64 silly addNameRange     '13.7.1',
64 silly addNameRange     '12.12.27',
64 silly addNameRange     '11.15.6',
64 silly addNameRange     '10.17.15',
64 silly addNameRange     '13.7.2',
64 silly addNameRange     '13.7.3',
64 silly addNameRange     '13.7.4',
64 silly addNameRange     '12.12.28',
64 silly addNameRange     '11.15.7',
64 silly addNameRange     '10.17.16',
64 silly addNameRange     '13.7.5',
64 silly addNameRange     '13.7.6',
64 silly addNameRange     '13.7.7',
64 silly addNameRange     '12.12.29',
64 silly addNameRange     '10.17.17',
64 silly addNameRange     '13.9.0',
64 silly addNameRange     '13.9.1',
64 silly addNameRange     '12.12.30',
64 silly addNameRange     '13.9.2',
64 silly addNameRange     '13.9.3',
64 silly addNameRange     '13.9.4',
64 silly addNameRange     '12.12.31',
64 silly addNameRange     '13.9.5',
64 silly addNameRange     '12.12.32',
64 silly addNameRange     '11.15.8',
64 silly addNameRange     '13.9.6',
64 silly addNameRange     '12.12.33',
64 silly addNameRange     '11.15.9',
64 silly addNameRange     '13.9.7',
64 silly addNameRange     '12.12.34',
64 silly addNameRange     '10.17.18',
64 silly addNameRange     '13.9.8',
64 silly addNameRange     '13.11.0',
64 silly addNameRange     '13.11.1',
64 silly addNameRange     '12.12.35',
64 silly addNameRange     '11.15.10',
64 silly addNameRange     '10.17.19',
64 silly addNameRange     '8.10.60',
64 silly addNameRange     '7.10.10',
64 silly addNameRange     '6.14.10',
64 silly addNameRange     '13.13.0',
64 silly addNameRange     '12.12.36',
64 silly addNameRange     '11.15.11',
64 silly addNameRange     '10.17.20',
64 silly addNameRange     '13.13.1',
64 silly addNameRange     '13.13.2',
64 silly addNameRange     '12.12.37',
64 silly addNameRange     '11.15.12',
64 silly addNameRange     '10.17.21',
64 silly addNameRange     '13.13.3',
64 silly addNameRange     '13.13.4',
64 silly addNameRange     '13.13.5',
64 silly addNameRange     '12.12.38',
64 silly addNameRange     '14.0.0',
64 silly addNameRange     '13.13.6',
64 silly addNameRange     '14.0.1',
64 silly addNameRange     '12.12.39',
64 silly addNameRange     '14.0.2',
64 silly addNameRange     '10.17.22',
64 silly addNameRange     '14.0.3',
64 silly addNameRange     '12.12.40',
64 silly addNameRange     '11.15.13',
64 silly addNameRange     '10.17.23',
64 silly addNameRange     '9.6.56',
64 silly addNameRange     '8.10.61',
64 silly addNameRange     '7.10.11',
64 silly addNameRange     '13.13.7',
64 silly addNameRange     '14.0.4',
64 silly addNameRange     '13.13.8',
64 silly addNameRange     '12.12.41',
64 silly addNameRange     '11.15.14',
64 silly addNameRange     '10.17.24',
64 silly addNameRange     '14.0.5',
64 silly addNameRange     '13.13.9',
64 silly addNameRange     '12.12.42',
64 silly addNameRange     '14.0.6',
64 silly addNameRange     '14.0.7',
64 silly addNameRange     '14.0.8',
64 silly addNameRange     '12.12.43',
64 silly addNameRange     '14.0.9',
64 silly addNameRange     '14.0.10',
64 silly addNameRange     '14.0.11',
64 silly addNameRange     '13.13.10',
64 silly addNameRange     '12.12.44',
64 silly addNameRange     '14.0.12',
64 silly addNameRange     '13.13.11',
64 silly addNameRange     '12.12.45',
64 silly addNameRange     '11.15.15',
64 silly addNameRange     '10.17.25',
64 silly addNameRange     '12.12.46',
64 silly addNameRange     '14.0.13',
64 silly addNameRange     '13.13.12',
64 silly addNameRange     '12.12.47',
64 silly addNameRange     '11.15.16',
64 silly addNameRange     '10.17.26',
64 silly addNameRange     '14.0.14',
64 silly addNameRange     '14.0.15',
64 silly addNameRange     '14.0.16',
64 silly addNameRange     '13.13.13',
64 silly addNameRange     '14.0.17',
64 silly addNameRange     '12.12.48',
64 silly addNameRange     '11.15.17',
64 silly addNameRange     '14.0.18',
64 silly addNameRange     '14.0.19',
64 silly addNameRange     '14.0.20',
64 silly addNameRange     '14.0.21',
64 silly addNameRange     '13.13.14',
64 silly addNameRange     '12.12.49',
64 silly addNameRange     '11.15.18',
64 silly addNameRange     '10.17.27',
64 silly addNameRange     '14.0.22',
64 silly addNameRange     '12.12.50',
64 silly addNameRange     '14.0.23',
64 silly addNameRange     '14.0.24',
64 silly addNameRange     '12.12.51',
64 silly addNameRange     '14.0.25',
64 silly addNameRange     '13.13.15',
64 silly addNameRange     '12.12.52',
64 silly addNameRange     '11.15.19',
64 silly addNameRange     '10.17.28',
64 silly addNameRange     '9.6.57',
64 silly addNameRange     '8.10.62',
64 silly addNameRange     '14.0.26',
64 silly addNameRange     '12.12.53',
64 silly addNameRange     '11.15.20',
64 silly addNameRange     '14.0.27',
64 silly addNameRange     '12.12.54',
64 silly addNameRange     '14.6.0',
64 silly addNameRange     '14.6.1',
64 silly addNameRange     '14.6.2',
64 silly addNameRange     '14.6.3',
64 silly addNameRange     '13.13.16',
64 silly addNameRange     '12.12.55',
64 silly addNameRange     '11.15.21',
64 silly addNameRange     '10.17.29',
64 silly addNameRange     '9.6.58',
64 silly addNameRange     '8.10.63',
64 silly addNameRange     '7.10.12',
64 silly addNameRange     '6.14.11',
64 silly addNameRange     '14.6.4',
64 silly addNameRange     '13.13.17',
64 silly addNameRange     '12.12.56',
64 silly addNameRange     '11.15.22',
64 silly addNameRange     '10.17.30',
64 silly addNameRange     '14.10.0',
64 silly addNameRange     '13.13.18',
64 silly addNameRange     '12.12.57',
64 silly addNameRange     '11.15.23',
64 silly addNameRange     '10.17.31',
64 silly addNameRange     '14.10.1',
64 silly addNameRange     '13.13.19',
64 silly addNameRange     '12.12.58',
64 silly addNameRange     '11.15.24',
64 silly addNameRange     '10.17.32',
64 silly addNameRange     '10.17.33',
64 silly addNameRange     '14.10.2',
64 silly addNameRange     '13.13.20',
64 silly addNameRange     '12.12.59',
64 silly addNameRange     '11.15.25',
64 silly addNameRange     '10.17.34',
64 silly addNameRange     '14.10.3',
64 silly addNameRange     '13.13.21',
64 silly addNameRange     '12.12.60',
64 silly addNameRange     '11.15.26',
64 silly addNameRange     '10.17.35',
64 silly addNameRange     '9.6.59',
64 silly addNameRange     '8.10.64',
64 silly addNameRange     '7.10.13',
64 silly addNameRange     '6.14.12',
64 silly addNameRange     '12.12.61',
64 silly addNameRange     '11.15.27',
64 silly addNameRange     '14.11.0',
64 silly addNameRange     '12.12.62',
64 silly addNameRange     '14.11.1',
64 silly addNameRange     '14.11.2',
64 silly addNameRange     '14.11.3',
64 silly addNameRange     '14.11.4',
64 silly addNameRange     '13.13.22',
64 silly addNameRange     '12.12.63',
64 silly addNameRange     '11.15.28',
64 silly addNameRange     '10.17.36',
64 silly addNameRange     '14.11.5',
64 silly addNameRange     '13.13.23',
64 silly addNameRange     '12.12.64',
64 silly addNameRange     '11.15.29',
64 silly addNameRange     '10.17.37',
64 silly addNameRange     '14.11.6',
64 silly addNameRange     '13.13.24',
64 silly addNameRange     '12.12.65',
64 silly addNameRange     '11.15.30',
64 silly addNameRange     '10.17.38',
64 silly addNameRange     '14.11.7',
64 silly addNameRange     '12.12.66',
64 silly addNameRange     '14.11.8',
64 silly addNameRange     '13.13.25',
64 silly addNameRange     '12.12.67',
64 silly addNameRange     '11.15.31',
64 silly addNameRange     '10.17.39',
64 silly addNameRange     '14.11.9',
64 silly addNameRange     '13.13.26',
64 silly addNameRange     '12.12.68',
64 silly addNameRange     '11.15.32',
64 silly addNameRange     '10.17.40',
64 silly addNameRange     '9.6.60',
64 silly addNameRange     '8.10.65',
64 silly addNameRange     '7.10.14',
64 silly addNameRange     '6.14.13',
64 silly addNameRange     '4.9.5',
64 silly addNameRange     '0.12.25',
64 silly addNameRange     '14.11.10',
64 silly addNameRange     '14.11.11',
64 silly addNameRange     '14.14.0',
64 silly addNameRange     '13.13.27',
64 silly addNameRange     '12.12.69',
64 silly addNameRange     '14.14.1',
64 silly addNameRange     '12.12.70',
64 silly addNameRange     '10.17.41',
64 silly addNameRange     '14.14.2',
64 silly addNameRange     '13.13.28',
64 silly addNameRange     '12.19.0',
64 silly addNameRange     '11.15.33',
64 silly addNameRange     '10.17.42',
64 silly addNameRange     '12.19.1',
64 silly addNameRange     '14.14.3',
64 silly addNameRange     '14.14.4',
64 silly addNameRange     '14.14.5',
64 silly addNameRange     '13.13.29',
64 silly addNameRange     '12.19.2',
64 silly addNameRange     '11.15.34',
64 silly addNameRange     '10.17.43',
64 silly addNameRange     '14.14.6',
64 silly addNameRange     '13.13.30',
64 silly addNameRange     '12.19.3',
64 silly addNameRange     '11.15.35',
64 silly addNameRange     '10.17.44',
64 silly addNameRange     '9.6.61',
64 silly addNameRange     '8.10.66',
64 silly addNameRange     '14.14.7',
64 silly addNameRange     '12.19.4',
64 silly addNameRange     '14.14.8',
64 silly addNameRange     '13.13.31',
64 silly addNameRange     '12.19.5',
64 silly addNameRange     '11.15.36',
64 silly addNameRange     '10.17.45',
64 silly addNameRange     '14.14.9',
64 silly addNameRange     '13.13.32',
64 silly addNameRange     '12.19.6',
64 silly addNameRange     '11.15.37',
64 silly addNameRange     '10.17.46',
64 silly addNameRange     '14.14.10',
64 silly addNameRange     '13.13.33',
64 silly addNameRange     '12.19.7',
64 silly addNameRange     '11.15.38',
64 silly addNameRange     '10.17.47',
64 silly addNameRange     '13.13.34',
64 silly addNameRange     '12.19.8',
64 silly addNameRange     '11.15.39',
64 silly addNameRange     '10.17.48',
64 silly addNameRange     '14.14.11',
64 silly addNameRange     '13.13.35',
64 silly addNameRange     '14.14.12',
64 silly addNameRange     '14.14.13',
64 silly addNameRange     '13.13.36',
64 silly addNameRange     '12.19.9',
64 silly addNameRange     '11.15.40',
64 silly addNameRange     '10.17.49',
64 silly addNameRange     '14.14.14',
64 silly addNameRange     '14.14.15',
64 silly addNameRange     '13.13.37',
64 silly addNameRange     '12.19.10',
64 silly addNameRange     '11.15.41',
64 silly addNameRange     '14.14.16',
64 silly addNameRange     '13.13.38',
64 silly addNameRange     '12.19.11',
64 silly addNameRange     '11.15.42',
64 silly addNameRange     '10.17.50',
64 silly addNameRange     '14.14.17',
64 silly addNameRange     '14.14.18',
64 silly addNameRange     '14.14.19',
64 silly addNameRange     '14.14.20',
64 silly addNameRange     '13.13.39',
64 silly addNameRange     '12.19.12',
64 silly addNameRange     '11.15.43',
64 silly addNameRange     '12.19.13',
64 silly addNameRange     '14.14.21',
64 silly addNameRange     '13.13.40',
64 silly addNameRange     '12.19.14',
64 silly addNameRange     '11.15.44',
64 silly addNameRange     '10.17.51',
64 silly addNameRange     '14.14.22',
64 silly addNameRange     '12.19.15',
64 silly addNameRange     '14.14.23',
64 silly addNameRange     '13.13.41',
64 silly addNameRange     '14.14.24',
64 silly addNameRange     '14.14.25',
64 silly addNameRange     '12.19.16',
64 silly addNameRange     '14.14.26',
64 silly addNameRange     '14.14.27',
64 silly addNameRange     '12.20.0',
64 silly addNameRange     '14.14.28',
64 silly addNameRange     '13.13.42',
64 silly addNameRange     '12.20.1',
64 silly addNameRange     '11.15.45',
64 silly addNameRange     '10.17.52',
64 silly addNameRange     '14.14.29',
64 silly addNameRange     '13.13.43',
64 silly addNameRange     '12.20.2',
64 silly addNameRange     '11.15.46',
64 silly addNameRange     '10.17.53',
64 silly addNameRange     '14.14.30',
64 silly addNameRange     '13.13.44',
64 silly addNameRange     '12.20.3',
64 silly addNameRange     '14.14.31',
64 silly addNameRange     '13.13.45',
64 silly addNameRange     '12.20.4',
64 silly addNameRange     '11.15.47',
64 silly addNameRange     '10.17.54',
64 silly addNameRange     '14.14.32',
64 silly addNameRange     '11.15.48',
64 silly addNameRange     '10.17.55',
64 silly addNameRange     '14.14.33',
64 silly addNameRange     '13.13.46',
64 silly addNameRange     '12.20.5',
64 silly addNameRange     '14.14.34',
64 silly addNameRange     '14.14.35',
64 silly addNameRange     '13.13.47',
64 silly addNameRange     '12.20.6',
64 silly addNameRange     '11.15.49',
64 silly addNameRange     '14.14.36',
64 silly addNameRange     '14.14.37',
64 silly addNameRange     '13.13.48',
64 silly addNameRange     '12.20.7',
64 silly addNameRange     '11.15.50',
64 silly addNameRange     '10.17.56',
64 silly addNameRange     '14.14.38',
64 silly addNameRange     '14.14.39',
64 silly addNameRange     '13.13.49',
64 silly addNameRange     '12.20.8',
64 silly addNameRange     '11.15.51',
64 silly addNameRange     '10.17.57',
64 silly addNameRange     '14.14.40',
64 silly addNameRange     '14.14.41',
64 silly addNameRange     '13.13.50',
64 silly addNameRange     '12.20.9',
64 silly addNameRange     '11.15.52',
64 silly addNameRange     '10.17.58',
64 silly addNameRange     '12.20.10',
64 silly addNameRange     '15.0.0',
64 silly addNameRange     '14.14.42',
64 silly addNameRange     '15.0.1',
64 silly addNameRange     '14.14.43',
64 silly addNameRange     '13.13.51',
64 silly addNameRange     '12.20.11',
64 silly addNameRange     '11.15.53',
64 silly addNameRange     '10.17.59',
64 silly addNameRange     '15.0.2',
64 silly addNameRange     '14.14.44',
64 silly addNameRange     '12.20.12',
64 silly addNameRange     '15.0.3',
64 silly addNameRange     '14.14.45',
64 silly addNameRange     '13.13.52',
64 silly addNameRange     '12.20.13',
64 silly addNameRange     '11.15.54',
64 silly addNameRange     '10.17.60',
64 silly addNameRange     '15.3.0',
64 silly addNameRange     '14.17.0',
64 silly addNameRange     '15.3.1',
64 silly addNameRange     '15.6.0',
64 silly addNameRange     '15.6.1',
64 silly addNameRange     '14.17.1',
64 silly addNameRange     '15.6.2',
64 silly addNameRange     '14.17.2',
64 silly addNameRange     '12.20.14',
64 silly addNameRange     '15.9.0',
64 silly addNameRange     '15.12.0',
64 silly addNameRange     '15.12.1',
64 silly addNameRange     '15.12.2',
64 silly addNameRange     '14.17.3',
64 silly addNameRange     '12.20.15',
64 silly addNameRange     '15.12.3',
64 silly addNameRange     '15.12.4',
64 silly addNameRange     '14.17.4',
64 silly addNameRange     '15.12.5',
64 silly addNameRange     '15.14.0',
64 silly addNameRange     '16.0.0',
64 silly addNameRange     '15.14.1',
64 silly addNameRange     '16.0.1',
64 silly addNameRange     '14.17.5',
64 silly addNameRange     '12.20.16',
64 silly addNameRange     '16.0.2',
64 silly addNameRange     '16.0.3',
64 silly addNameRange     '16.3.0',
64 silly addNameRange     '16.3.1',
64 silly addNameRange     '15.14.2',
64 silly addNameRange     '16.3.2',
64 silly addNameRange     '16.3.3',
64 silly addNameRange     '16.4.0',
64 silly addNameRange     '16.4.1',
64 silly addNameRange     '16.4.2',
64 silly addNameRange     '15.14.3',
64 silly addNameRange     '14.17.6',
64 silly addNameRange     '12.20.17',
64 silly addNameRange     '16.4.3',
64 silly addNameRange     '16.4.4',
64 silly addNameRange     '16.4.5',
64 silly addNameRange     '16.4.6',
64 silly addNameRange     '15.14.4',
64 silly addNameRange     '16.4.7',
64 silly addNameRange     '16.4.8',
64 silly addNameRange     '16.4.9',
64 silly addNameRange     '16.4.10',
64 silly addNameRange     '15.14.5',
64 silly addNameRange     '14.17.7',
64 silly addNameRange     '12.20.18',
64 silly addNameRange     '16.4.11',
64 silly addNameRange     '15.14.6',
64 silly addNameRange     '14.17.8',
64 silly addNameRange     '16.4.12',
64 silly addNameRange     '15.14.7',
64 silly addNameRange     '14.17.9',
64 silly addNameRange     '12.20.19',
64 silly addNameRange     '16.4.13',
64 silly addNameRange     '16.4.14',
64 silly addNameRange     '16.6.0',
64 silly addNameRange     '16.6.1',
64 silly addNameRange     '16.6.2',
64 silly addNameRange     '15.14.8',
64 silly addNameRange     '14.17.10',
64 silly addNameRange     '16.7.0',
64 silly addNameRange     '16.7.1',
64 silly addNameRange     '15.14.9',
64 silly addNameRange     '14.17.11',
64 silly addNameRange     '12.20.20',
64 silly addNameRange     '16.7.2',
64 silly addNameRange     '14.17.12',
64 silly addNameRange     '12.20.21',
64 silly addNameRange     '16.7.3',
64 silly addNameRange     '16.7.4',
64 silly addNameRange     '16.7.5',
64 silly addNameRange     '16.7.6',
64 silly addNameRange     '16.7.7',
64 silly addNameRange     '16.7.8',
64 silly addNameRange     '16.7.9',
64 silly addNameRange     '14.17.13',
64 silly addNameRange     '12.20.22',
64 silly addNameRange     '16.7.10',
64 silly addNameRange     '14.17.14',
64 silly addNameRange     '12.20.23',
64 silly addNameRange     '16.7.11',
64 silly addNameRange     '16.7.12',
64 silly addNameRange     '16.7.13',
64 silly addNameRange     '14.17.15',
64 silly addNameRange     '12.20.24',
64 silly addNameRange     '16.9.0',
64 silly addNameRange     '16.9.1',
64 silly addNameRange     '14.17.16',
64 silly addNameRange     '12.20.25',
64 silly addNameRange     '16.9.2',
64 silly addNameRange     '14.17.17',
64 silly addNameRange     '16.9.3',
64 silly addNameRange     '16.9.4',
64 silly addNameRange     '16.9.5',
64 silly addNameRange     '14.17.18',
64 silly addNameRange     '12.20.26',
64 silly addNameRange     '16.9.6',
64 silly addNameRange     '16.10.0',
64 silly addNameRange     '16.10.1',
64 silly addNameRange     '14.17.19',
64 silly addNameRange     '12.20.27',
64 silly addNameRange     '16.10.2',
64 silly addNameRange     '14.17.20',
64 silly addNameRange     '16.10.3',
64 silly addNameRange     '14.17.21',
64 silly addNameRange     '12.20.28',
64 silly addNameRange     '16.10.4',
64 silly addNameRange     '14.17.22',
64 silly addNameRange     '12.20.29',
64 silly addNameRange     '16.10.5',
64 silly addNameRange     '16.10.6',
64 silly addNameRange     '14.17.23',
64 silly addNameRange     '12.20.30',
64 silly addNameRange     '16.10.7',
64 silly addNameRange     '14.17.24',
64 silly addNameRange     '12.20.31',
64 silly addNameRange     '16.10.8',
64 silly addNameRange     '14.17.25',
64 silly addNameRange     '12.20.32',
64 silly addNameRange     '16.10.9',
64 silly addNameRange     '14.17.26',
64 silly addNameRange     '12.20.33',
64 silly addNameRange     '16.11.0',
64 silly addNameRange     '14.17.27',
64 silly addNameRange     '16.11.1',
64 silly addNameRange     '16.11.2',
64 silly addNameRange     '16.11.3',
64 silly addNameRange     '14.17.28',
64 silly addNameRange     '16.11.4',
64 silly addNameRange     '14.17.29',
64 silly addNameRange     '12.20.34',
64 silly addNameRange     '16.11.5',
64 silly addNameRange     '14.17.30',
64 silly addNameRange     '12.20.35',
64 silly addNameRange     '14.17.31',
64 silly addNameRange     '16.11.6',
64 silly addNameRange     '14.17.32',
64 silly addNameRange     '12.20.36',
64 silly addNameRange     '16.11.7',
64 silly addNameRange     '14.17.33',
64 silly addNameRange     '12.20.37',
64 silly addNameRange     '16.11.8',
64 silly addNameRange     '14.17.34',
64 silly addNameRange     '16.11.9',
64 silly addNameRange     '16.11.10',
64 silly addNameRange     '16.11.11',
64 silly addNameRange     '14.18.0',
64 silly addNameRange     '16.11.12',
64 silly addNameRange     '16.11.13',
64 silly addNameRange     '17.0.0',
64 silly addNameRange     '16.11.14',
64 silly addNameRange     '14.18.1',
64 silly addNameRange     '17.0.1',
64 silly addNameRange     '17.0.2',
64 silly addNameRange     '16.11.15',
64 silly addNameRange     '14.18.2',
64 silly addNameRange     '12.20.38',
64 silly addNameRange     '17.0.3',
64 silly addNameRange     '16.11.16',
64 silly addNameRange     '17.0.4',
64 silly addNameRange     '16.11.17',
64 silly addNameRange     '17.0.5',
64 silly addNameRange     '14.18.3',
64 silly addNameRange     '12.20.39',
64 silly addNameRange     '17.0.6',
64 silly addNameRange     '14.18.4',
64 silly addNameRange     '12.20.40',
64 silly addNameRange     '17.0.7',
64 silly addNameRange     '16.11.18',
64 silly addNameRange     '17.0.8',
64 silly addNameRange     '16.11.19',
64 silly addNameRange     '14.18.5',
64 silly addNameRange     '12.20.41',
64 silly addNameRange     '17.0.9',
64 silly addNameRange     '16.11.20',
64 silly addNameRange     '14.18.6',
64 silly addNameRange     '12.20.42',
64 silly addNameRange     '14.18.7',
64 silly addNameRange     '17.0.10',
64 silly addNameRange     '16.11.21',
64 silly addNameRange     '14.18.8',
64 silly addNameRange     '14.18.9',
64 silly addNameRange     '17.0.11',
64 silly addNameRange     '17.0.12',
64 silly addNameRange     '17.0.13',
64 silly addNameRange     '17.0.14',
64 silly addNameRange     '16.11.22',
64 silly addNameRange     '14.18.10',
64 silly addNameRange     '12.20.43',
64 silly addNameRange     '17.0.15',
64 silly addNameRange     '17.0.16',
64 silly addNameRange     '17.0.17',
64 silly addNameRange     '16.11.23',
64 silly addNameRange     '14.18.11',
64 silly addNameRange     '12.20.44',
64 silly addNameRange     '12.20.45',
64 silly addNameRange     '16.11.24',
64 silly addNameRange     '17.0.18',
64 silly addNameRange     '16.11.25',
64 silly addNameRange     '14.18.12',
64 silly addNameRange     '12.20.46',
64 silly addNameRange     '17.0.19',
64 silly addNameRange     '17.0.20',
64 silly addNameRange     '17.0.21',
64 silly addNameRange     '16.11.26',
64 silly addNameRange     '12.20.47',
64 silly addNameRange     '17.0.22',
64 silly addNameRange     '17.0.23',
64 silly addNameRange     '17.0.24',
64 silly addNameRange     '16.11.27',
64 silly addNameRange     '14.18.13',
64 silly addNameRange     '12.20.48',
64 silly addNameRange     '17.0.25',
64 silly addNameRange     '17.0.26',
64 silly addNameRange     '16.11.28',
64 silly addNameRange     '14.18.14',
64 silly addNameRange     '12.20.49',
64 silly addNameRange     '17.0.27',
64 silly addNameRange     '16.11.29',
64 silly addNameRange     '14.18.15',
64 silly addNameRange     '17.0.28',
64 silly addNameRange     '16.11.30',
64 silly addNameRange     '17.0.29',
64 silly addNameRange     '16.11.31',
64 silly addNameRange     '14.18.16',
64 silly addNameRange     '12.20.50',
64 silly addNameRange     '17.0.30',
64 silly addNameRange     '16.11.32',
64 silly addNameRange     '17.0.31',
64 silly addNameRange     '16.11.33',
64 silly addNameRange     '17.0.32',
64 silly addNameRange     '16.11.34',
64 silly addNameRange     '14.18.17',
64 silly addNameRange     '12.20.51',
64 silly addNameRange     '17.0.33',
64 silly addNameRange     '16.11.35',
64 silly addNameRange     '14.18.18',
64 silly addNameRange     '12.20.52',
64 silly addNameRange     '17.0.34',
64 silly addNameRange     '16.11.36',
64 silly addNameRange     '17.0.35',
64 silly addNameRange     '17.0.36',
64 silly addNameRange     '17.0.37',
64 silly addNameRange     '16.11.37',
64 silly addNameRange     '14.18.19',
64 silly addNameRange     '12.20.53',
64 silly addNameRange     '17.0.38',
64 silly addNameRange     '16.11.38',
64 silly addNameRange     '14.18.20',
64 silly addNameRange     '12.20.54',
64 silly addNameRange     '17.0.39',
64 silly addNameRange     '17.0.40',
64 silly addNameRange     '17.0.41',
64 silly addNameRange     '16.11.39',
64 silly addNameRange     '14.18.21',
64 silly addNameRange     '12.20.55',
64 silly addNameRange     '17.0.42',
64 silly addNameRange     '17.0.43',
64 silly addNameRange     '16.11.40',
64 silly addNameRange     '17.0.44',
64 silly addNameRange     '16.11.41',
64 silly addNameRange     '18.0.0',
64 silly addNameRange     '17.0.45',
64 silly addNameRange     '16.11.42',
64 silly addNameRange     '18.0.1',
64 silly addNameRange     '16.11.43',
64 silly addNameRange     '18.0.2',
64 silly addNameRange     '18.0.3',
64 silly addNameRange     '18.0.4',
64 silly addNameRange     '16.11.44',
64 silly addNameRange     '14.18.22',
64 silly addNameRange     '18.0.5',
64 silly addNameRange     '16.11.45',
64 silly addNameRange     '18.0.6',
64 silly addNameRange     '18.6.0',
64 silly addNameRange     '18.6.1',
64 silly addNameRange     '18.6.2',
64 silly addNameRange     '16.11.46',
64 silly addNameRange     '18.6.3',
64 silly addNameRange     '16.11.47',
64 silly addNameRange     '14.18.23',
64 silly addNameRange     '18.6.4',
64 silly addNameRange     '18.6.5',
64 silly addNameRange     '18.7.0',
64 silly addNameRange     '18.7.1',
64 silly addNameRange     '18.7.2',
64 silly addNameRange     '16.11.48',
64 silly addNameRange     '18.7.3',
64 silly addNameRange     '18.7.4',
64 silly addNameRange     '18.7.5',
64 silly addNameRange     '16.11.49',
64 silly addNameRange     '14.18.24',
64 silly addNameRange     '18.7.6',
64 silly addNameRange     '18.7.7',
64 silly addNameRange     '16.11.50',
64 silly addNameRange     '18.7.8',
64 silly addNameRange     '16.11.51',
64 silly addNameRange     '18.7.9',
64 silly addNameRange     '16.11.52',
64 silly addNameRange     '14.18.25',
64 silly addNameRange     '18.7.10',
64 silly addNameRange     '16.11.53',
64 silly addNameRange     '18.7.11',
64 silly addNameRange     '16.11.54',
64 silly addNameRange     '14.18.26',
64 silly addNameRange     '16.11.55',
64 silly addNameRange     '18.7.12',
64 silly addNameRange     '16.11.56',
64 silly addNameRange     '18.7.13',
64 silly addNameRange     '18.7.14',
64 silly addNameRange     '18.7.15',
64 silly addNameRange     '16.11.57',
64 silly addNameRange     '14.18.27',
64 silly addNameRange     '18.7.16',
64 silly addNameRange     '16.11.58',
64 silly addNameRange     '14.18.28',
64 silly addNameRange     '18.7.17',
64 silly addNameRange     '18.7.18',
64 silly addNameRange     '16.11.59',
64 silly addNameRange     '14.18.29',
64 silly addNameRange     '18.7.19',
64 silly addNameRange     '16.11.60',
64 silly addNameRange     '14.18.30',
64 silly addNameRange     '18.7.20',
64 silly addNameRange     '18.7.21',
64 silly addNameRange     '18.7.22',
64 silly addNameRange     '16.11.61',
64 silly addNameRange     '18.7.23',
64 silly addNameRange     '16.11.62',
64 silly addNameRange     '14.18.31',
64 silly addNameRange     '18.8.0',
64 silly addNameRange     '16.11.63',
64 silly addNameRange     '18.8.1',
64 silly addNameRange     '16.11.64',
64 silly addNameRange     '18.8.2',
64 silly addNameRange     '18.8.3',
64 silly addNameRange     '18.8.4',
64 silly addNameRange     '16.11.65',
64 silly addNameRange     '14.18.32',
64 silly addNameRange     '18.8.5',
64 silly addNameRange     '18.11.0',
64 silly addNameRange     '16.11.66',
64 silly addNameRange     '18.11.1',
64 silly addNameRange     '16.11.67',
64 silly addNameRange     '18.11.2',
64 silly addNameRange     '16.11.68',
64 silly addNameRange     '18.11.3',
64 silly addNameRange     '18.11.4',
64 silly addNameRange     '16.18.0',
64 silly addNameRange     '18.11.5',
64 silly addNameRange     '18.11.6',
64 silly addNameRange     '16.18.1',
64 silly addNameRange     '18.11.7',
64 silly addNameRange     '16.18.2',
64 silly addNameRange     '14.18.33',
64 silly addNameRange     '18.11.8',
64 silly addNameRange     '16.18.3',
64 silly addNameRange     '18.11.9',
64 silly addNameRange     '18.11.10',
64 silly addNameRange     '16.18.4',
64 silly addNameRange     '14.18.34',
64 silly addNameRange     '16.18.5',
64 silly addNameRange     '18.11.11',
64 silly addNameRange     '16.18.6',
64 silly addNameRange     '18.11.12',
64 silly addNameRange     '16.18.7',
64 silly addNameRange     '18.11.13',
64 silly addNameRange     '16.18.8',
64 silly addNameRange     '18.11.14',
64 silly addNameRange     '18.11.15',
64 silly addNameRange     '16.18.9',
64 silly addNameRange     '18.11.16',
64 silly addNameRange     '16.18.10',
64 silly addNameRange     '14.18.35',
64 silly addNameRange     '18.11.17',
64 silly addNameRange     '18.11.18',
64 silly addNameRange     '16.18.11',
64 silly addNameRange     '14.18.36',
64 silly addNameRange     '18.11.19',
64 silly addNameRange     '16.18.12',
64 silly addNameRange     '18.13.0',
64 silly addNameRange     '18.14.0',
64 silly addNameRange     '18.14.1',
64 silly addNameRange     '18.14.2',
64 silly addNameRange     '16.18.13',
64 silly addNameRange     '18.14.3',
64 silly addNameRange     '16.18.14',
64 silly addNameRange     '14.18.37',
64 silly addNameRange     '18.14.4',
64 silly addNameRange     '18.14.5',
64 silly addNameRange     '18.14.6',
64 silly addNameRange     '18.15.0',
64 silly addNameRange     '18.15.1',
64 silly addNameRange     '18.15.2',
64 silly addNameRange     '16.18.15',
64 silly addNameRange     '18.15.3',
64 silly addNameRange     '16.18.16',
64 silly addNameRange     '14.18.38',
64 silly addNameRange     '18.15.4',
64 silly addNameRange     '16.18.17',
64 silly addNameRange     '14.18.39',
64 silly addNameRange     '18.15.5',
64 silly addNameRange     '16.18.18',
64 silly addNameRange     '14.18.40',
64 silly addNameRange     '18.15.6',
64 silly addNameRange     '16.18.19',
64 silly addNameRange     '18.15.7',
64 silly addNameRange     '18.15.8',
64 silly addNameRange     '16.18.20',
64 silly addNameRange     '18.15.9',
64 silly addNameRange     '18.15.10',
64 silly addNameRange     '16.18.21',
64 silly addNameRange     '14.18.41',
64 silly addNameRange     '18.15.11',
64 silly addNameRange     '16.18.22',
64 silly addNameRange     '14.18.42',
64 silly addNameRange     '16.18.23',
64 silly addNameRange     '18.15.12',
64 silly addNameRange     '16.18.24',
64 silly addNameRange     '18.15.13',
64 silly addNameRange     '18.16.0',
64 silly addNameRange     '18.16.1',
64 silly addNameRange     '16.18.25',
64 silly addNameRange     '14.18.43',
64 silly addNameRange     '18.16.2',
64 silly addNameRange     '18.16.3',
64 silly addNameRange     '14.18.44',
64 silly addNameRange     '20.0.0',
64 silly addNameRange     '18.16.4',
64 silly addNameRange     '20.1.0',
64 silly addNameRange     '18.16.5',
64 silly addNameRange     '16.18.26',
64 silly addNameRange     '14.18.45',
64 silly addNameRange     '20.1.1',
64 silly addNameRange     '18.16.6',
64 silly addNameRange     '16.18.27',
64 silly addNameRange     '14.18.46',
64 silly addNameRange     '20.1.2',
64 silly addNameRange     '18.16.7',
64 silly addNameRange     '16.18.28',
64 silly addNameRange     '20.1.3',
64 silly addNameRange     '18.16.8',
64 silly addNameRange     '16.18.29',
64 silly addNameRange     '20.1.4',
64 silly addNameRange     '18.16.9',
64 silly addNameRange     '16.18.30',
64 silly addNameRange     '14.18.47',
64 silly addNameRange     '20.1.5',
64 silly addNameRange     '18.16.10',
64 silly addNameRange     '20.1.6',
64 silly addNameRange     '18.16.11',
64 silly addNameRange     '20.1.7',
64 silly addNameRange     '18.16.12',
64 silly addNameRange     '16.18.31',
64 silly addNameRange     '20.2.0',
64 silly addNameRange     '20.2.1',
64 silly addNameRange     '18.16.13',
64 silly addNameRange     '20.2.2',
64 silly addNameRange     '18.16.14',
64 silly addNameRange     '16.18.32',
64 silly addNameRange     '20.2.3',
64 silly addNameRange     '20.2.4',
64 silly addNameRange     '18.16.15',
64 silly addNameRange     '16.18.33',
64 silly addNameRange     '14.18.48',
64 silly addNameRange     '20.2.5',
64 silly addNameRange     '18.16.16',
64 silly addNameRange     '16.18.34',
64 silly addNameRange     '20.2.6',
64 silly addNameRange     '18.16.17',
64 silly addNameRange     '16.18.35',
64 silly addNameRange     '14.18.49',
64 silly addNameRange     '14.18.50',
64 silly addNameRange     '20.3.0',
64 silly addNameRange     '20.3.1',
64 silly addNameRange     '18.16.18',
64 silly addNameRange     '16.18.36',
64 silly addNameRange     '14.18.51',
64 silly addNameRange     '16.18.37',
64 silly addNameRange     '14.18.52',
64 silly addNameRange     '20.3.2',
64 silly addNameRange     '20.3.3',
64 silly addNameRange     '18.16.19',
64 silly addNameRange     '16.18.38',
64 silly addNameRange     '14.18.53',
64 silly addNameRange     '20.4.0',
64 silly addNameRange     '20.4.1',
64 silly addNameRange     '20.4.2',
64 silly addNameRange     '20.4.3',
64 silly addNameRange     '18.16.20',
64 silly addNameRange     '16.18.39',
64 silly addNameRange     '14.18.54',
64 silly addNameRange     '20.4.4',
64 silly addNameRange     '18.17.0',
64 silly addNameRange     '20.4.5',
64 silly addNameRange     '18.17.1',
64 silly addNameRange     '20.4.6',
64 silly addNameRange     '20.4.7',
64 silly addNameRange     '18.17.2',
64 silly addNameRange     '20.4.8',
64 silly addNameRange     '18.17.3',
64 silly addNameRange     '20.4.9',
64 silly addNameRange     '18.17.4',
64 silly addNameRange     '16.18.40',
64 silly addNameRange     '20.4.10',
64 silly addNameRange     '18.17.5',
64 silly addNameRange     '20.5.0',
64 silly addNameRange     '16.18.41',
64 silly addNameRange     '18.17.6',
64 silly addNameRange     '20.5.1',
64 silly addNameRange     '20.5.2',
64 silly addNameRange     '18.17.7',
64 silly addNameRange     '16.18.42',
64 silly addNameRange     '20.5.3',
64 silly addNameRange     '18.17.8',
64 silly addNameRange     '16.18.43',
64 silly addNameRange     '14.18.55',
64 silly addNameRange     '20.5.4',
64 silly addNameRange     '18.17.9',
64 silly addNameRange     '16.18.44',
64 silly addNameRange     '14.18.56',
64 silly addNameRange     '20.5.5',
64 silly addNameRange     '18.17.10',
64 silly addNameRange     '16.18.45',
64 silly addNameRange     '20.5.6',
64 silly addNameRange     '18.17.11',
64 silly addNameRange     '16.18.46',
64 silly addNameRange     '20.5.7',
64 silly addNameRange     '18.17.12',
64 silly addNameRange     '20.5.8',
64 silly addNameRange     '18.17.13',
64 silly addNameRange     '16.18.47',
64 silly addNameRange     '14.18.57',
64 silly addNameRange     '20.5.9',
64 silly addNameRange     '18.17.14',
64 silly addNameRange     '16.18.48',
64 silly addNameRange     '14.18.58',
64 silly addNameRange     '16.18.49',
64 silly addNameRange     '14.18.59',
64 silly addNameRange     '20.6.0',
64 silly addNameRange     '18.17.15',
64 silly addNameRange     '16.18.50',
64 silly addNameRange     '20.6.1',
64 silly addNameRange     '18.17.16',
64 silly addNameRange     '16.18.51',
64 silly addNameRange     '14.18.60',
64 silly addNameRange     '20.6.2',
64 silly addNameRange     '18.17.17',
64 silly addNameRange     '16.18.52',
64 silly addNameRange     '14.18.61',
64 silly addNameRange     '20.6.3',
64 silly addNameRange     '18.17.18',
64 silly addNameRange     '16.18.53',
64 silly addNameRange     '14.18.62',
64 silly addNameRange     '20.6.4',
64 silly addNameRange     '18.17.19',
64 silly addNameRange     '16.18.54',
64 silly addNameRange     '14.18.63',
64 silly addNameRange     '20.6.5',
64 silly addNameRange     '20.7.0',
64 silly addNameRange     '18.18.0',
64 silly addNameRange     '20.7.1',
64 silly addNameRange     '20.7.2',
64 silly addNameRange     '18.18.1',
64 silly addNameRange     '16.18.55',
64 silly addNameRange     '20.8.0',
64 silly addNameRange     '20.8.1',
64 silly addNameRange     '18.18.2',
64 silly addNameRange     '16.18.56',
64 silly addNameRange     '20.8.2',
64 silly addNameRange     '18.18.3',
64 silly addNameRange     '16.18.57',
64 silly addNameRange     '20.8.3',
64 silly addNameRange     '18.18.4',
64 silly addNameRange     '16.18.58',
64 silly addNameRange     '20.8.4',
64 silly addNameRange     '20.8.5',
64 silly addNameRange     '18.18.5',
64 silly addNameRange     '20.8.6',
64 silly addNameRange     '20.8.7',
64 silly addNameRange     '18.18.6',
64 silly addNameRange     '16.18.59',
64 silly addNameRange     '20.8.8',
64 silly addNameRange     '20.8.9',
64 silly addNameRange     '18.18.7',
64 silly addNameRange     '20.8.10',
64 silly addNameRange     '18.18.8',
64 silly addNameRange     '16.18.60',
64 silly addNameRange     '20.9.0',
64 silly addNameRange     '18.18.9',
64 silly addNameRange     '16.18.61',
64 silly addNameRange     '20.9.1',
64 silly addNameRange     '20.9.2',
64 silly addNameRange     '18.18.10',
64 silly addNameRange     '16.18.62',
64 silly addNameRange     '20.9.3',
64 silly addNameRange     '18.18.11',
64 silly addNameRange     '16.18.63',
64 silly addNameRange     '20.9.4',
64 silly addNameRange     '18.18.12',
64 silly addNameRange     '16.18.64',
64 silly addNameRange     '20.9.5',
64 silly addNameRange     '18.18.13',
64 silly addNameRange     '16.18.65',
64 silly addNameRange     '20.10.0',
64 silly addNameRange     '20.10.1',
64 silly addNameRange     '18.18.14',
64 silly addNameRange     '16.18.66',
64 silly addNameRange     '18.19.0',
64 silly addNameRange     '20.10.2',
64 silly addNameRange     '18.19.1',
64 silly addNameRange     '20.10.3',
64 silly addNameRange     '18.19.2',
64 silly addNameRange     '16.18.67',
64 silly addNameRange     '20.10.4',
64 silly addNameRange     '18.19.3',
64 silly addNameRange     '16.18.68',
64 silly addNameRange     '20.10.5',
64 silly addNameRange     '20.10.6',
64 silly addNameRange     '18.19.4',
64 silly addNameRange     '16.18.69',
64 silly addNameRange     '20.10.7',
64 silly addNameRange     '18.19.5',
64 silly addNameRange     '16.18.70',
64 silly addNameRange     '20.10.8',
64 silly addNameRange     '18.19.6',
64 silly addNameRange     '20.11.0',
64 silly addNameRange     '20.11.1',
64 silly addNameRange     '18.19.7',
64 silly addNameRange     '16.18.71',
64 silly addNameRange     '20.11.2',
64 silly addNameRange     '20.11.3',
64 silly addNameRange     '20.11.4',
64 silly addNameRange     '20.11.5',
64 silly addNameRange     '18.19.8',
64 silly addNameRange     '16.18.72',
64 silly addNameRange     '16.18.73',
64 silly addNameRange     '16.18.74',
64 silly addNameRange     '20.11.6',
64 silly addNameRange     '18.19.9',
64 silly addNameRange     '16.18.75',
64 silly addNameRange     '20.11.7',
64 silly addNameRange     '18.19.10',
64 silly addNameRange     '16.18.76',
64 silly addNameRange     '20.11.8',
64 silly addNameRange     '20.11.9',
64 silly addNameRange     '20.11.10',
64 silly addNameRange     '20.11.11',
64 silly addNameRange     '20.11.12',
64 silly addNameRange     '18.19.11',
64 silly addNameRange     '16.18.77',
64 silly addNameRange     '20.11.13',
64 silly addNameRange     '20.11.14',
64 silly addNameRange     '18.19.12',
64 silly addNameRange     '16.18.78',
64 silly addNameRange     '20.11.15',
64 silly addNameRange     '18.19.13',
64 silly addNameRange     '20.11.16',
64 silly addNameRange     '18.19.14',
64 silly addNameRange     '16.18.79',
64 silly addNameRange     '20.11.17',
64 silly addNameRange     '18.19.15',
64 silly addNameRange     '16.18.80',
64 silly addNameRange     '20.11.18',
64 silly addNameRange     '18.19.16',
64 silly addNameRange     '16.18.81',
64 silly addNameRange     '20.11.19',
64 silly addNameRange     '18.19.17',
64 silly addNameRange     '16.18.82',
64 silly addNameRange     '20.11.20',
64 silly addNameRange     '18.19.18',
64 silly addNameRange     '16.18.83',
64 silly addNameRange     '20.11.21',
64 silly addNameRange     '18.19.19',
64 silly addNameRange     '16.18.84',
64 silly addNameRange     '20.11.22',
64 silly addNameRange     '18.19.20',
64 silly addNameRange     '16.18.85',
64 silly addNameRange     '20.11.23',
64 silly addNameRange     '18.19.21',
64 silly addNameRange     '16.18.86',
64 silly addNameRange     '20.11.24',
64 silly addNameRange     '20.11.25',
64 silly addNameRange     '18.19.22',
64 silly addNameRange     '16.18.87',
64 silly addNameRange     '20.11.26',
64 silly addNameRange     '18.19.23',
64 silly addNameRange     '16.18.88',
64 silly addNameRange     '20.11.27',
64 silly addNameRange     '18.19.24',
64 silly addNameRange     '16.18.89',
64 silly addNameRange     '20.11.28',
64 silly addNameRange     '20.11.29',
64 silly addNameRange     '18.19.25',
64 silly addNameRange     '16.18.90',
64 silly addNameRange     '20.11.30',
64 silly addNameRange     '18.19.26',
64 silly addNameRange     '16.18.91',
64 silly addNameRange     '20.12.0',
64 silly addNameRange     '18.19.27',
64 silly addNameRange     '16.18.92',
64 silly addNameRange     '20.12.1',
64 silly addNameRange     '18.19.28',
64 silly addNameRange     '16.18.93',
64 silly addNameRange     '20.12.2',
64 silly addNameRange     '20.12.3',
64 silly addNameRange     '18.19.29',
64 silly addNameRange     '16.18.94',
64 silly addNameRange     '20.12.4',
64 silly addNameRange     '20.12.5',
64 silly addNameRange     '18.19.30',
64 silly addNameRange     '16.18.95',
64 silly addNameRange     '20.12.6',
64 silly addNameRange     '18.19.31',
64 silly addNameRange     '16.18.96',
64 silly addNameRange     '20.12.7',
64 silly addNameRange     '20.12.8',
64 silly addNameRange     '20.12.9',
64 silly addNameRange     '20.12.10',
64 silly addNameRange     '18.19.32',
64 silly addNameRange     '16.18.97',
64 silly addNameRange     '20.12.11',
64 silly addNameRange     '18.19.33',
64 silly addNameRange     '20.12.12',
64 silly addNameRange     '20.12.13',
64 silly addNameRange     '20.12.14',
64 silly addNameRange     '20.13.0' ] ]
65 silly addNamed @types/node@20.13.0
66 verbose addNamed "20.13.0" is a plain semver version for @types/node
67 silly mapToRegistry name @types/node
68 silly mapToRegistry scope (from package name) @types
69 verbose mapToRegistry no registry URL found in name for scope @types
70 silly mapToRegistry using default registry
71 silly mapToRegistry registry https://registry.npmjs.org/
72 silly mapToRegistry uri https://registry.npmjs.org/@types%2fnode
73 verbose addRemoteTarball https://registry.npmjs.org/@types/node/-/node-20.13.0.tgz not in flight; adding
74 verbose addRemoteTarball [ 'https://registry.npmjs.org/@types/node/-/node-20.13.0.tgz',
74 verbose addRemoteTarball   '011a76bc1e71ae9a026dddcfd7039084f752c4b6' ]
75 info retry fetch attempt 1 at 5:40:03 PM
76 info attempt registry request try #1 at 5:40:03 PM
77 http fetch GET https://registry.npmjs.org/@types/node/-/node-20.13.0.tgz
78 verbose request using bearer token for auth
79 http 200 https://registry.npmjs.org/@playwright%2ftest
80 verbose headers { date: 'Fri, 31 May 2024 22:40:02 GMT',
80 verbose headers   'content-type': 'application/json',
80 verbose headers   'transfer-encoding': 'chunked',
80 verbose headers   connection: 'keep-alive',
80 verbose headers   'cf-ray': '88ca76a248a1acf6-MSP',
80 verbose headers   'cf-cache-status': 'HIT',
80 verbose headers   'access-control-allow-origin': '*',
80 verbose headers   age: '57',
80 verbose headers   'cache-control': 'public, max-age=300',
80 verbose headers   etag: 'W/"37c54d3991103eb0fadd641504ea30cd"',
80 verbose headers   'last-modified': 'Fri, 31 May 2024 00:27:55 GMT',
80 verbose headers   vary: 'accept-encoding, accept',
80 verbose headers   server: 'cloudflare',
80 verbose headers   'content-encoding': 'gzip' }
81 silly get cb [ 200,
81 silly get   { date: 'Fri, 31 May 2024 22:40:02 GMT',
81 silly get     'content-type': 'application/json',
81 silly get     'transfer-encoding': 'chunked',
81 silly get     connection: 'keep-alive',
81 silly get     'cf-ray': '88ca76a248a1acf6-MSP',
81 silly get     'cf-cache-status': 'HIT',
81 silly get     'access-control-allow-origin': '*',
81 silly get     age: '57',
81 silly get     'cache-control': 'public, max-age=300',
81 silly get     etag: 'W/"37c54d3991103eb0fadd641504ea30cd"',
81 silly get     'last-modified': 'Fri, 31 May 2024 00:27:55 GMT',
81 silly get     vary: 'accept-encoding, accept',
81 silly get     server: 'cloudflare',
81 silly get     'content-encoding': 'gzip' } ]
82 verbose get saving @playwright/test to /Users/drewbrokke/Documents/liferay/liferay-portal/workspaces/liferay-sample-workspace/playwright/build/node/.cache/registry.npmjs.org/_40playwright_252ftest/.cache.json
83 http fetch 200 https://registry.npmjs.org/@types/node/-/node-20.13.0.tgz
84 silly resolveWithNewModule @playwright/test@1.44.1 checking installable status
85 warn engine @playwright/test@1.44.1: wanted: {"node":">=16"} (current: {"node":"5.5.0","npm":"3.3.12"})
86 silly cache add args [ '@playwright/test@^1.44.0', null ]
87 verbose cache add spec @playwright/test@^1.44.0
88 silly cache add parsed spec Result {
88 silly cache add   raw: '@playwright/test@^1.44.0',
88 silly cache add   scope: '@playwright',
88 silly cache add   name: '@playwright/test',
88 silly cache add   rawSpec: '^1.44.0',
88 silly cache add   spec: '>=1.44.0 <2.0.0',
88 silly cache add   type: 'range' }
89 silly addNamed @playwright/test@>=1.44.0 <2.0.0
90 verbose addNamed ">=1.44.0 <2.0.0" is a valid semver range for @playwright/test
91 silly addNameRange { name: '@playwright/test',
91 silly addNameRange   range: '>=1.44.0 <2.0.0',
91 silly addNameRange   hasData: false }
92 silly mapToRegistry name @playwright/test
93 silly mapToRegistry scope (from package name) @playwright
94 verbose mapToRegistry no registry URL found in name for scope @playwright
95 silly mapToRegistry using default registry
96 silly mapToRegistry registry https://registry.npmjs.org/
97 silly mapToRegistry uri https://registry.npmjs.org/@playwright%2ftest
98 verbose addNameRange registry:https://registry.npmjs.org/@playwright%2ftest not in flight; fetching
99 verbose get https://registry.npmjs.org/@playwright%2ftest not expired, no request
100 silly addNameRange number 2 { name: '@playwright/test',
100 silly addNameRange   range: '>=1.44.0 <2.0.0',
100 silly addNameRange   hasData: true }
101 silly addNameRange versions [ '@playwright/test',
101 silly addNameRange   [ '0.3.26',
101 silly addNameRange     '0.3.27',
101 silly addNameRange     '0.3.28',
101 silly addNameRange     '0.3.29',
101 silly addNameRange     '0.9.1',
101 silly addNameRange     '0.9.2',
101 silly addNameRange     '0.9.3',
101 silly addNameRange     '0.9.4',
101 silly addNameRange     '0.9.5',
101 silly addNameRange     '0.9.6',
101 silly addNameRange     '0.9.7',
101 silly addNameRange     '0.9.8',
101 silly addNameRange     '0.9.9',
101 silly addNameRange     '0.9.10',
101 silly addNameRange     '0.9.11',
101 silly addNameRange     '0.9.12',
101 silly addNameRange     '0.9.13',
101 silly addNameRange     '0.9.14',
101 silly addNameRange     '0.9.15',
101 silly addNameRange     '0.9.16',
101 silly addNameRange     '0.9.17',
101 silly addNameRange     '0.9.18',
101 silly addNameRange     '0.9.19',
101 silly addNameRange     '0.9.20',
101 silly addNameRange     '0.9.21',
101 silly addNameRange     '0.9.21-post',
101 silly addNameRange     '0.9.22',
101 silly addNameRange     '0.150.0',
101 silly addNameRange     '0.151.0',
101 silly addNameRange     '0.151.1',
101 silly addNameRange     '0.152.0',
101 silly addNameRange     '0.162.0',
101 silly addNameRange     '0.170.0',
101 silly addNameRange     '0.171.0',
101 silly addNameRange     '0.180.0',
101 silly addNameRange     '0.191.0',
101 silly addNameRange     '0.192.0',
101 silly addNameRange     '0.1100.0',
101 silly addNameRange     '0.1101.0-alpha',
101 silly addNameRange     '0.1101.0-alpha2',
101 silly addNameRange     '0.1101.0',
101 silly addNameRange     '0.1102.0-alpha1',
101 silly addNameRange     '0.1102.0',
101 silly addNameRange     '0.1110.0',
101 silly addNameRange     '0.1111.0',
101 silly addNameRange     '0.1112.0-alpha1',
101 silly addNameRange     '0.1112.0-alpha2',
101 silly addNameRange     '0.1112.0-alpha3',
101 silly addNameRange     '1.12.0-next-1622757040000',
101 silly addNameRange     '1.12.0-next-alpha-jun-4-2021',
101 silly addNameRange     '1.12.0-next-alpha-jun-5-2021',
101 silly addNameRange     '1.12.0-next-1622928816000',
101 silly addNameRange     '1.12.0-next-alpha-jun-6-2021',
101 silly addNameRange     '1.12.0-next-alpha-jun-7-2021',
101 silly addNameRange     '1.12.0-next-1623086854000',
101 silly addNameRange     '1.12.0-next-alpha-jun-8-2021',
101 silly addNameRange     '1.12.0-next-1623176527000',
101 silly addNameRange     '1.12.0-next-1623181472000',
101 silly addNameRange     '1.12.0-1623185968000',
101 silly addNameRange     '1.13.0-next-alpha-jun-9-2021',
101 silly addNameRange     '1.12.0',
101 silly addNameRange     '1.13.0-next-1623265195000',
101 silly addNameRange     '1.12.0-1623267207000',
101 silly addNameRange     '1.12.0-1623269188000',
101 silly addNameRange     '1.12.1-1623273606000',
101 silly addNameRange     '1.12.1',
101 silly addNameRange     '1.13.0-next-alpha-jun-10-2021',
101 silly addNameRange     '1.13.0-next-alpha-jun-11-2021',
101 silly addNameRange     '1.12.1-1623433278000',
101 silly addNameRange     '1.12.1-1623434427000',
101 silly addNameRange     '1.12.1-1623435049000',
101 silly addNameRange     '1.12.2-1623435892000',
101 silly addNameRange     '1.12.2',
101 silly addNameRange     '1.13.0-next-alpha-jun-12-2021',
101 silly addNameRange     '1.13.0-next-alpha-jun-13-2021',
101 silly addNameRange     '1.13.0-next-alpha-jun-14-2021',
101 silly addNameRange     '1.13.0-next-alpha-jun-15-2021',
101 silly addNameRange     '1.13.0-next-alpha-jun-16-2021',
101 silly addNameRange     '1.13.0-next-alpha-jun-17-2021',
101 silly addNameRange     '1.13.0-next-alpha-jun-18-2021',
101 silly addNameRange     '1.13.0-next-alpha-jun-19-2021',
101 silly addNameRange     '1.13.0-next-alpha-jun-20-2021',
101 silly addNameRange     '1.13.0-next-alpha-jun-21-2021',
101 silly addNameRange     '1.13.0-next-alpha-jun-22-2021',
101 silly addNameRange     '1.13.0-next-alpha-jun-23-2021',
101 silly addNameRange     '1.13.0-next-alpha-jun-24-2021',
101 silly addNameRange     '1.13.0-next-1624521754000',
101 silly addNameRange     '1.13.0-next-1624575246000',
101 silly addNameRange     '1.12.2-1624579911000',
101 silly addNameRange     '1.13.0-next-alpha-jun-25-2021',
101 silly addNameRange     '1.12.2-1624580296000',
101 silly addNameRange     '1.12.2-1624580978000',
101 silly addNameRange     '1.12.2-1624582752000',
101 silly addNameRange     '1.12.2-1624582975000',
101 silly addNameRange     '1.12.2-1624583496000',
101 silly addNameRange     '1.12.2-1624583755000',
101 silly addNameRange     '1.12.2-1624583947000',
101 silly addNameRange     '1.13.0-next-1624602481000',
101 silly addNameRange     '1.13.0-next-1624634859000',
101 silly addNameRange     '1.12.2-1624645637000',
101 silly addNameRange     '1.13.0-next-1624652839000',
101 silly addNameRange     '1.12.3-1624660499000',
101 silly addNameRange     '1.13.0-next-alpha-jun-26-2021',
101 silly addNameRange     '1.12.3-1624687819000',
101 silly addNameRange     '1.12.3',
101 silly addNameRange     '1.13.0-next-alpha-jun-27-2021',
101 silly addNameRange     '1.13.0-next-alpha-jun-28-2021',
101 silly addNameRange     '1.13.0-next-alpha-jun-29-2021',
101 silly addNameRange     '1.13.0-next-alpha-jun-30-2021',
101 silly addNameRange     '1.13.0-next-alpha-jul-1-2021',
101 silly addNameRange     '1.13.0-next-1625160362000',
101 silly addNameRange     '1.13.0-next-alpha-jul-2-2021',
101 silly addNameRange     '1.13.0-next-alpha-jul-3-2021',
101 silly addNameRange     '1.13.0-next-1625269509000',
101 silly addNameRange     '1.13.0-next-alpha-jul-4-2021',
101 silly addNameRange     '1.13.0-next-alpha-jul-5-2021',
101 silly addNameRange     '1.13.0-next-alpha-jul-6-2021',
101 silly addNameRange     '1.13.0-next-alpha-jul-7-2021',
101 silly addNameRange     '1.13.0-next-alpha-jul-8-2021',
101 silly addNameRange     '1.13.0-next-1625762188000',
101 silly addNameRange     '1.13.0-next-1625774143000',
101 silly addNameRange     '1.13.0-next-alpha-jul-9-2021',
101 silly addNameRange     '1.13.0-next-alpha-jul-10-2021',
101 silly addNameRange     '1.13.0-next-alpha-jul-11-2021',
101 silly addNameRange     '1.13.0-next-alpha-jul-12-2021',
101 silly addNameRange     '1.13.0-next-alpha-jul-13-2021',
101 silly addNameRange     '1.13.0-next-1626194864000',
101 silly addNameRange     '1.13.0-next-alpha-jul-14-2021',
101 silly addNameRange     '1.13.0-next-alpha-jul-15-2021',
101 silly addNameRange     '1.13.0-next-1626331329000',
101 silly addNameRange     '1.13.0-next-alpha-jul-16-2021',
101 silly addNameRange     '1.13.0-next-1626468517000',
101 silly addNameRange     '1.13.0-next-1626474230000',
101 silly addNameRange     '1.13.0-next-alpha-jul-17-2021',
101 silly addNameRange     '1.13.0-next-1626500095000',
101 silly addNameRange     '1.13.0-next-alpha-jul-18-2021',
101 silly addNameRange     '1.13.0-next-alpha-jul-19-2021',
101 silly addNameRange     '1.13.0-next-1626706866000',
101 silly addNameRange     '1.13.0-next-1626731788000',
101 silly addNameRange     '1.13.0-1626733671000',
101 silly addNameRange     '1.14.0-next-alpha-jul-20-2021',
101 silly addNameRange     '1.14.0-next-1626812020000',
101 silly addNameRange     '1.14.0-next-alpha-jul-21-2021',
101 silly addNameRange     '1.13.0-1626828370000',
101 silly addNameRange     '1.13.0-1626874597000',
101 silly addNameRange     '1.13.0-1626881997000',
101 silly addNameRange     '1.13.0',
101 silly addNameRange     '1.14.0-next-alpha-jul-22-2021',
101 silly addNameRange     '1.14.0-next-1626986111000',
101 silly addNameRange     '1.14.0-next-alpha-jul-23-2021',
101 silly addNameRange     '1.14.0-next-alpha-jul-24-2021',
101 silly addNameRange     '1.14.0-next-alpha-jul-25-2021',
101 silly addNameRange     '1.14.0-next-alpha-jul-26-2021',
101 silly addNameRange     '1.14.0-next-alpha-jul-27-2021',
101 silly addNameRange     '1.14.0-next-alpha-jul-28-2021',
101 silly addNameRange     '1.14.0-next-1627512284000',
101 silly addNameRange     '1.13.0-1627513904000',
101 silly addNameRange     '1.13.0-1627514352000',
101 silly addNameRange     '1.13.0-1627515384000',
101 silly addNameRange     '1.13.0-1627515855000',
101 silly addNameRange     '1.14.0-next-alpha-jul-29-2021',
101 silly addNameRange     '1.13.1-1627519339000',
101 silly addNameRange     '1.14.0-next-1627569199000',
101 silly addNameRange     '1.13.1',
101 silly addNameRange     '1.14.0-next-alpha-jul-30-2021',
101 silly addNameRange     '1.14.0-next-alpha-jul-31-2021',
101 silly addNameRange     '1.14.0-next-alpha-aug-1-2021',
101 silly addNameRange     '1.14.0-next-alpha-aug-2-2021',
101 silly addNameRange     '1.14.0-next-alpha-aug-3-2021',
101 silly addNameRange     '1.14.0-next-1628029791000',
101 silly addNameRange     '1.14.0-next-alpha-aug-4-2021',
101 silly addNameRange     '1.14.0-next-alpha-aug-5-2021',
101 silly addNameRange     '1.14.0-next-alpha-aug-6-2021',
101 silly addNameRange     '1.14.0-next-alpha-aug-7-2021',
101 silly addNameRange     '1.14.0-next-1628307477000',
101 silly addNameRange     '1.14.0-next-alpha-aug-8-2021',
101 silly addNameRange     '1.14.0-next-alpha-aug-9-2021',
101 silly addNameRange     '1.14.0-next-alpha-aug-10-2021',
101 silly addNameRange     '1.14.0-next-1628705690000',
101 silly addNameRange     '1.15.0-next-1628725459000',
101 silly addNameRange     '1.15.0-next-alpha-aug-12-2021',
101 silly addNameRange     '1.14.0-1628754809000',
101 silly addNameRange     '1.14.0-1628761546000',
101 silly addNameRange     '1.14.0-1628783206000',
101 silly addNameRange     '1.15.0-next-1628784536000',
101 silly addNameRange     '1.14.0-1628788909000',
101 silly addNameRange     '1.14.0-1628789465000',
101 silly addNameRange     '1.15.0-next-alpha-aug-13-2021',
101 silly addNameRange     '1.14.0-1628878084000',
101 silly addNameRange     '1.14.0',
101 silly addNameRange     '1.15.0-next-alpha-aug-14-2021',
101 silly addNameRange     '1.15.0-next-alpha-aug-15-2021',
101 silly addNameRange     '1.15.0-next-alpha-aug-16-2021',
101 silly addNameRange     '1.15.0-next-alpha-aug-17-2021',
101 silly addNameRange     '1.14.0-1629244407000',
101 silly addNameRange     '1.15.0-next-alpha-aug-18-2021',
101 silly addNameRange     '1.14.0-1629293819000',
101 silly addNameRange     '1.14.0-1629316514000',
101 silly addNameRange     '1.15.0-next-alpha-aug-19-2021',
101 silly addNameRange     '1.14.0-1629398408000',
101 silly addNameRange     '1.14.0-1629408981000',
101 silly addNameRange     '1.15.0-next-1629411406000',
101 silly addNameRange     '1.15.0-next-alpha-aug-20-2021',
101 silly addNameRange     '1.15.0-next-1629421735000',
101 silly addNameRange     '1.14.0-1629470760000',
101 silly addNameRange     '1.14.0-1629492141000',
101 silly addNameRange     '1.15.0-next-1629492027000',
101 silly addNameRange     '1.15.0-next-alpha-aug-21-2021',
101 silly addNameRange     '1.15.0-next-alpha-aug-22-2021',
101 silly addNameRange     '1.15.0-next-alpha-aug-23-2021',
101 silly addNameRange     '1.15.0-next-1629648287000',
101 silly addNameRange     '1.14.0-1629718845000',
101 silly addNameRange     '1.15.0-next-alpha-aug-24-2021',
101 silly addNameRange     '1.14.1-1629823926000',
101 silly addNameRange     '1.14.1',
101 silly addNameRange     '1.15.0-next-alpha-aug-25-2021',
101 silly addNameRange     '1.14.1-1629891535000',
101 silly addNameRange     '1.15.0-next-alpha-aug-26-2021',
101 silly addNameRange     '1.15.0-next-1629972453000',
101 silly addNameRange     '1.15.0-next-alpha-aug-27-2021',
101 silly addNameRange     '1.14.1-1630074514000',
101 silly addNameRange     '1.15.0-next-alpha-aug-28-2021',
101 silly addNameRange     '1.15.0-next-alpha-aug-29-2021',
101 silly addNameRange     '1.15.0-next-alpha-aug-30-2021',
101 silly addNameRange     '1.14.1-1630325154000',
101 silly addNameRange     '1.15.0-next-alpha-aug-31-2021',
101 silly addNameRange     '1.15.0-next-1630432230000',
101 silly addNameRange     '1.15.0-next-alpha-sep-1-2021',
101 silly addNameRange     '1.15.0-next-alpha-sep-2-2021',
101 silly addNameRange     '1.15.0-next-alpha-sep-3-2021',
101 silly addNameRange     '1.15.0-next-alpha-sep-4-2021',
101 silly addNameRange     '1.15.0-next-alpha-sep-5-2021',
101 silly addNameRange     '1.15.0-next-alpha-sep-6-2021',
101 silly addNameRange     '1.15.0-next-alpha-sep-7-2021',
101 silly addNameRange     '1.15.0-next-alpha-sep-8-2021',
101 silly addNameRange     '1.15.0-next-alpha-sep-9-2021',
101 silly addNameRange     '1.15.0-next-alpha-sep-10-2021',
101 silly addNameRange     '1.15.0-next-alpha-sep-11-2021',
101 silly addNameRange     '1.15.0-next-alpha-sep-12-2021',
101 silly addNameRange     '1.15.0-next-alpha-sep-13-2021',
101 silly addNameRange     '1.15.0-next-alpha-sep-14-2021',
101 silly addNameRange     '1.15.0-next-alpha-sep-15-2021',
101 silly addNameRange     '1.15.0-next-alpha-sep-16-2021',
101 silly addNameRange     '1.15.0-next-1631780436000',
101 silly addNameRange     '1.15.0-next-1631782939000',
101 silly addNameRange     '1.15.0-1631797286000',
101 silly addNameRange     '1.15.0-1631817028000',
101 silly addNameRange     '1.16.0-next-alpha-sep-17-2021',
101 silly addNameRange     '1.16.0-next-alpha-sep-18-2021',
101 silly addNameRange     '1.16.0-next-alpha-sep-19-2021',
101 silly addNameRange     '1.16.0-next-alpha-sep-20-2021',
101 silly addNameRange     '1.15.0',
101 silly addNameRange     '1.15.0-1632253285000',
101 silly addNameRange     '1.15.0-1632254231000',
101 silly addNameRange     '1.16.0-next-alpha-sep-22-2021',
101 silly addNameRange     '1.15.0-1632321891000',
101 silly addNameRange     '1.15.0-1632328434000',
101 silly addNameRange     '1.15.0-1632336523000',
101 silly addNameRange     '1.16.0-next-1632372554000',
101 silly addNameRange     '1.15.0-1632420841000',
101 silly addNameRange     '1.15.0-1632430084000',
101 silly addNameRange     '1.16.0-next-alpha-sep-24-2021',
101 silly addNameRange     '1.15.0-1632494029000',
101 silly addNameRange     '1.16.0-next-alpha-sep-25-2021',
101 silly addNameRange     '1.16.0-next-1632541869000',
101 silly addNameRange     '1.16.0-next-alpha-sep-26-2021',
101 silly addNameRange     '1.16.0-next-alpha-sep-27-2021',
101 silly addNameRange     '1.16.0-next-alpha-sep-28-2021',
101 silly addNameRange     '1.16.0-next-alpha-sep-29-2021',
101 silly addNameRange     '1.16.0-next-alpha-sep-30-2021',
101 silly addNameRange     '1.15.0-1633020276000',
101 silly addNameRange     '1.15.1-1633032976000',
101 silly addNameRange     '1.15.1',
101 silly addNameRange     '1.16.0-next-alpha-oct-1-2021',
101 silly addNameRange     '1.16.0-next-alpha-oct-2-2021',
101 silly addNameRange     '1.16.0-next-alpha-oct-3-2021',
101 silly addNameRange     '1.16.0-next-alpha-oct-4-2021',
101 silly addNameRange     '1.15.1-1633391047000',
101 silly addNameRange     '1.16.0-next-1633411110000',
101 silly addNameRange     '1.15.1-1633440750000',
101 silly addNameRange     '1.15.2-1633455481000',
101 silly addNameRange     '1.15.2',
101 silly addNameRange     '1.16.0-next-alpha-oct-6-2021',
101 silly addNameRange     '1.16.0-next-1633547251000',
101 silly addNameRange     '1.16.0-next-alpha-oct-7-2021',
101 silly addNameRange     '1.16.0-next-1633635746000',
101 silly addNameRange     '1.16.0-next-alpha-oct-8-2021',
101 silly addNameRange     '1.16.0-next-1633705291000',
101 silly addNameRange     '1.16.0-next-alpha-oct-9-2021',
101 silly addNameRange     '1.16.0-next-alpha-oct-10-2021',
101 silly addNameRange     '1.16.0-next-alpha-oct-11-2021',
101 silly addNameRange     '1.16.0-next-1633965845000',
101 silly addNameRange     '1.16.0-next-alpha-oct-12-2021',
101 silly addNameRange     '1.16.0-next-alpha-oct-13-2021',
101 silly addNameRange     '1.16.0-next-alpha-oct-14-2021',
101 silly addNameRange     '1.16.0-next-alpha-oct-15-2021',
101 silly addNameRange     '1.16.0-next-alpha-oct-17-2021',
101 silly addNameRange     '1.16.0-next-alpha-oct-18-2021',
101 silly addNameRange     '1.16.0-next-1634591576000',
101 silly addNameRange     '1.16.0-next-alpha-oct-19-2021',
101 silly addNameRange     '1.16.0-next-1634682977000',
101 silly addNameRange     '1.16.0-next-alpha-oct-20-2021',
101 silly addNameRange     '1.16.0-next-1634703014000',
101 silly addNameRange     '1.16.0-next-1634756762000',
101 silly addNameRange     '1.16.0-next-1634760607000',
101 silly addNameRange     '1.17.0-next-alpha-oct-21-2021',
101 silly addNameRange     '1.16.0-next-1634776202000',
101 silly addNameRange     '1.16.0-next-1634779886000',
101 silly addNameRange     '1.16.0-1634781227000',
101 silly addNameRange     '1.16.0',
101 silly addNameRange     '1.16.0-1634852871000',
101 silly addNameRange     '1.16.0-1634861253000',
101 silly addNameRange     '1.17.0-next-alpha-oct-22-2021',
101 silly addNameRange     '1.17.0-next-1634890429000',
101 silly addNameRange     '1.16.0-1634915778000',
101 silly addNameRange     '1.16.1-1634926303000',
101 silly addNameRange     '1.16.1-1634934341000',
101 silly addNameRange     '1.16.1-1634940933000',
101 silly addNameRange     '1.16.1',
101 silly addNameRange     '1.16.1-1634946815000',
101 silly addNameRange     '1.17.0-next-alpha-oct-23-2021',
101 silly addNameRange     '1.17.0-next-alpha-oct-24-2021',
101 silly addNameRange     '1.17.0-next-alpha-oct-25-2021',
101 silly addNameRange     '1.16.1-1635184173000',
101 silly addNameRange     '1.16.1-1635200406000',
101 silly addNameRange     '1.17.0-next-alpha-oct-26-2021',
101 silly addNameRange     '1.16.1-1635279837000',
101 silly addNameRange     '1.16.1-1635287620000',
101 silly addNameRange     '1.17.0-next-alpha-oct-27-2021',
101 silly addNameRange     '1.16.1-1635296896000',
101 silly addNameRange     '1.16.1-1635315681000',
101 silly addNameRange     '1.16.2-1635322350000',
101 silly addNameRange     '1.16.2',
101 silly addNameRange     '1.16.2-1635467086000',
101 silly addNameRange     '1.17.0-next-1635521587000',
101 silly addNameRange     '1.17.0-next-alpha-oct-30-2021',
101 silly addNameRange     '1.16.2-1635624469000',
101 silly addNameRange     '1.17.0-next-alpha-oct-31-2021',
101 silly addNameRange     '1.17.0-next-alpha-nov-1-2021',
101 silly addNameRange     '1.16.2-1635727112000',
101 silly addNameRange     '1.17.0-next-1635761637000',
101 silly addNameRange     '1.16.3-1635814179000',
101 silly addNameRange     '1.16.3',
101 silly addNameRange     '1.17.0-next-alpha-nov-2-2021',
101 silly addNameRange     '1.17.0-next-1635851494000',
101 silly addNameRange     '1.17.0-next-1635886706000',
101 silly addNameRange     '1.17.0-next-alpha-nov-3-2021',
101 silly addNameRange     '1.17.0-next-alpha-nov-4-2021',
101 silly addNameRange     '1.17.0-next-1636024023000',
101 silly addNameRange     '1.17.0-next-alpha-nov-5-2021',
101 silly addNameRange     '1.16.3-1636114012000',
101 silly addNameRange     '1.17.0-next-alpha-nov-6-2021',
101 silly addNameRange     '1.17.0-next-1636225929000',
101 silly addNameRange     '1.17.0-next-alpha-nov-7-2021',
101 silly addNameRange     '1.17.0-next-alpha-nov-8-2021',
101 silly addNameRange     '1.17.0-next-1636414979000',
101 silly addNameRange     '1.17.0-next-alpha-nov-9-2021',
101 silly addNameRange     '1.17.0-next-1636423390000',
101 silly addNameRange     '1.17.0-next-1636430928000',
101 silly addNameRange     '1.17.0-next-1636502298000',
101 silly addNameRange     '1.17.0-next-alpha-nov-10-2021',
101 silly addNameRange     '1.17.0-next-1636507311000',
101 silly addNameRange     '1.17.0-1636510039000',
101 silly addNameRange     '1.17.0-1636525868000',
101 silly addNameRange     '1.17.0-1636572712000',
101 silly addNameRange     '1.18.0-next-alpha-nov-11-2021',
101 silly addNameRange     '1.17.0-1636659526000',
101 silly addNameRange     '1.17.0-1636674774000',
101 silly addNameRange     '1.18.0-next-alpha-nov-12-2021',
101 silly addNameRange     '1.17.0-1636678343000',
101 silly addNameRange     '1.17.0-1636680007000',
101 silly addNameRange     '1.17.0-1636741922000',
101 silly addNameRange     '1.18.0-next-alpha-nov-13-2021',
101 silly addNameRange     '1.18.0-next-alpha-nov-14-2021',
101 silly addNameRange     '1.18.0-next-alpha-nov-15-2021',
101 silly addNameRange     '1.17.0-1637005716000',
101 silly addNameRange     '1.18.0-next-alpha-nov-16-2021',
101 silly addNameRange     '1.17.0-1637023000000',
101 silly addNameRange     '1.17.0-1637048540000',
101 silly addNameRange     '1.17.0-1637101966000',
101 silly addNameRange     '1.18.0-alpha-1637105894000',
101 silly addNameRange     '1.17.0-1637106358000',
101 silly addNameRange     '1.17.0-beta-1637106527000',
101 silly addNameRange     '1.18.0-alpha-nov-17-2021',
101 silly addNameRange     '1.17.0-beta-1637167411000',
101 silly addNameRange     '1.17.0-beta-1637174719000',
101 silly addNameRange     '1.17.0-rc1',
101 silly addNameRange     '1.18.0-alpha-1637178126000',
101 silly addNameRange     '1.17.0-beta-1637185435000',
101 silly addNameRange     '1.18.0-alpha-nov-18-2021',
101 silly addNameRange     '1.18.0-alpha-1637257604000',
101 silly addNameRange     '1.18.0-alpha-nov-19-2021',
101 silly addNameRange     '1.17.0-beta-1637287804000',
101 silly addNameRange     '1.18.0-alpha-nov-20-2021',
101 silly addNameRange     '1.17.0-beta-1637368446000',
101 silly addNameRange     '1.18.0-alpha-1637368835000',
101 silly addNameRange     '1.18.0-alpha-nov-21-2021',
101 silly addNameRange     '1.18.0-alpha-nov-22-2021',
101 silly addNameRange     '1.18.0-alpha-1637602750000',
101 silly addNameRange     '1.18.0-alpha-1637606482000',
101 silly addNameRange     '1.17.0-beta-1637607601000',
101 silly addNameRange     '1.18.0-alpha-nov-23-2021',
101 silly addNameRange     '1.17.0-beta-1637696328000',
101 silly addNameRange     '1.17.0-beta-1637696371000',
101 silly addNameRange     '1.17.0-beta-1637697877000',
101 silly addNameRange     '1.18.0-alpha-nov-24-2021',
101 silly addNameRange     '1.18.0-alpha-nov-25-2021',
101 silly addNameRange     '1.18.0-alpha-nov-26-2021',
101 silly addNameRange     '1.18.0-alpha-nov-27-2021',
101 silly addNameRange     '1.18.0-alpha-nov-28-2021',
101 silly addNameRange     '1.18.0-alpha-nov-29-2021',
101 silly addNameRange     '1.17.0-beta-1638222602000',
101 silly addNameRange     '1.17.0-beta-1638285466000',
101 silly addNameRange     '1.17.0',
101 silly addNameRange     '1.17.0-beta-1638356200000',
101 silly addNameRange     '1.18.0-alpha-1638379596000',
101 silly addNameRange     '1.17.0-beta-1638387664000',
101 silly addNameRange     '1.17.0-beta-1638396143000',
101 silly addNameRange     '1.17.0-beta-1638401430000',
101 silly addNameRange     '1.18.0-alpha-dec-2-2021',
101 silly addNameRange     '1.17.1-beta-1638408300000',
101 silly addNameRange     '1.17.1-beta-1638411397000',
101 silly addNameRange     '1.17.1',
101 silly addNameRange     '1.17.1-beta-1638480891000',
101 silly addNameRange     '1.17.1-beta-1638481933000',
101 silly addNameRange     '1.18.0-alpha-dec-3-2021',
101 silly addNameRange     '1.17.1-beta-1638555823000',
101 silly addNameRange     '1.18.0-alpha-dec-4-2021',
101 silly addNameRange     '1.18.0-alpha-dec-5-2021',
101 silly addNameRange     '1.18.0-alpha-dec-6-2021',
101 silly addNameRange     '1.18.0-alpha-dec-7-2021',
101 silly addNameRange     '1.18.0-alpha-1638917105000',
101 silly addNameRange     '1.18.0-alpha-1638919727000',
101 silly addNameRange     '1.18.0-alpha-1638922650000',
101 silly addNameRange     '1.18.0-alpha-dec-8-2021',
101 silly addNameRange     '1.18.0-alpha-dec-9-2021',
101 silly addNameRange     '1.17.1-beta-1639090670000',
101 silly addNameRange     '1.18.0-alpha-dec-10-2021',
101 silly addNameRange     '1.18.0-alpha-dec-11-2021',
101 silly addNameRange     '1.18.0-alpha-dec-12-2021',
101 silly addNameRange     '1.18.0-alpha-dec-13-2021',
101 silly addNameRange     '1.18.0-alpha-1639421763000',
101 silly addNameRange     '1.18.0-alpha-dec-14-2021',
101 silly addNameRange     '1.18.0-alpha-dec-15-2021',
101 silly addNameRange     '1.18.0-alpha-dec-16-2021',
101 silly addNameRange     '1.18.0-alpha-dec-17-2021',
101 silly addNameRange     '1.18.0-alpha-1639767047000',
101 silly addNameRange     '1.18.0-alpha-1639770748000',
101 silly addNameRange     '1.18.0-alpha-dec-18-2021',
101 silly addNameRange     '1.18.0-alpha-dec-19-2021',
101 silly addNameRange     '1.18.0-alpha-dec-20-2021',
101 silly addNameRange     '1.18.0-alpha-dec-21-2021',
101 silly addNameRange     '1.18.0-alpha-dec-22-2021',
101 silly addNameRange     '1.18.0-alpha-dec-23-2021',
101 silly addNameRange     '1.18.0-alpha-dec-24-2021',
101 silly addNameRange     '1.18.0-alpha-dec-25-2021',
101 silly addNameRange     '1.18.0-alpha-dec-26-2021',
101 silly addNameRange     '1.18.0-alpha-dec-27-2021',
101 silly addNameRange     '1.18.0-alpha-dec-28-2021',
101 silly addNameRange     '1.18.0-alpha-dec-29-2021',
101 silly addNameRange     '1.18.0-alpha-dec-30-2021',
101 silly addNameRange     '1.18.0-alpha-dec-31-2021',
101 silly addNameRange     '1.18.0-alpha-jan-1-2022',
101 silly addNameRange     '1.18.0-alpha-jan-2-2022',
101 silly addNameRange     '1.18.0-alpha-jan-3-2022',
101 silly addNameRange     '1.18.0-alpha-jan-4-2022',
101 silly addNameRange     '1.18.0-alpha-jan-5-2022',
101 silly addNameRange     '1.18.0-alpha-jan-6-2022',
101 silly addNameRange     '1.18.0-alpha-1641508844000',
101 silly addNameRange     '1.18.0-alpha-jan-7-2022',
101 silly addNameRange     '1.18.0-alpha-1641584275000',
101 silly addNameRange     '1.17.1-beta-1641589459000',
101 silly addNameRange     '1.18.0-alpha-jan-8-2022',
101 silly addNameRange     '1.18.0-alpha-jan-9-2022',
101 silly addNameRange     '1.18.0-alpha-jan-10-2022',
101 silly addNameRange     '1.17.1-beta-1641774506000',
101 silly addNameRange     '1.17.1-beta-1641775620000',
101 silly addNameRange     '1.17.2-beta-1641778150000',
101 silly addNameRange     '1.17.2-beta-1641778794000',
101 silly addNameRange     '1.17.2',
101 silly addNameRange     '1.17.2-beta-1641849733000',
101 silly addNameRange     '1.17.2-beta-1641852700000',
101 silly addNameRange     '1.18.0-alpha-jan-11-2022',
101 silly addNameRange     '1.18.0-alpha-jan-12-2022',
101 silly addNameRange     '1.18.0-beta-1642016269000',
101 silly addNameRange     '1.18.0-beta-1642018269000',
101 silly addNameRange     '1.19.0-alpha-jan-13-2022',
101 silly addNameRange     '1.18.0-beta-1642110503000',
101 silly addNameRange     '1.18.0-beta-1642115083000',
101 silly addNameRange     '1.19.0-alpha-jan-14-2022',
101 silly addNameRange     '1.18.0-beta-1642158149000',
101 silly addNameRange     '1.18.0-beta-1642161715000',
101 silly addNameRange     '1.18.0-rc1',
101 silly addNameRange     '1.18.0-beta-1642169289000',
101 silly addNameRange     '1.19.0-alpha-jan-15-2022',
101 silly addNameRange     '1.18.0-beta-1642211440000',
101 silly addNameRange     '1.18.0-beta-1642212803000',
101 silly addNameRange     '1.19.0-alpha-jan-16-2022',
101 silly addNameRange     '1.19.0-alpha-jan-17-2022',
101 silly addNameRange     '1.19.0-alpha-jan-18-2022',
101 silly addNameRange     '1.19.0-alpha-1642473215000',
101 silly addNameRange     '1.18.0-beta-1642494929000',
101 silly addNameRange     '1.18.0-beta-1642508722000',
101 silly addNameRange     '1.19.0-alpha-1642541472000',
101 silly addNameRange     '1.19.0-alpha-jan-19-2022',
101 silly addNameRange     '1.18.0-beta-1642618102000',
101 silly addNameRange     '1.18.0-beta-1642620593000',
101 silly addNameRange     '1.18.0-beta-1642620635000',
101 silly addNameRange     '1.18.0-beta-1642620709000',
101 silly addNameRange     '1.19.0-alpha-jan-20-2022',
101 silly addNameRange     '1.18.0',
101 silly addNameRange     '1.18.0-beta-1642681422000',
101 silly addNameRange     '1.18.0-beta-1642714831000',
101 silly addNameRange     '1.19.0-alpha-jan-21-2022',
101 silly addNameRange     '1.18.0-beta-1642731165000',
101 silly addNameRange     '1.19.0-alpha-jan-22-2022',
101 silly addNameRange     '1.19.0-alpha-jan-23-2022',
101 silly addNameRange     '1.19.0-alpha-1642899766000',
101 silly addNameRange     '1.19.0-alpha-jan-24-2022',
101 silly addNameRange     '1.18.0-beta-1642992245000',
101 silly addNameRange     '1.18.0-beta-1643042424000',
101 silly addNameRange     '1.18.0-beta-1643055229000',
101 silly addNameRange     '1.19.0-alpha-jan-25-2022',
101 silly addNameRange     '1.19.0-alpha-1643133229000',
101 silly addNameRange     '1.19.0-alpha-jan-26-2022',
101 silly addNameRange     '1.19.0-alpha-jan-27-2022',
101 silly addNameRange     '1.18.0-beta-1643313779000',
101 silly addNameRange     '1.18.1-beta-1643321308000',
101 silly addNameRange     '1.18.1',
101 silly addNameRange     '1.19.0-alpha-1643327018000',
101 silly addNameRange     '1.19.0-alpha-jan-28-2022',
101 silly addNameRange     '1.19.0-alpha-jan-29-2022',
101 silly addNameRange     '1.19.0-alpha-jan-30-2022',
101 silly addNameRange     '1.19.0-alpha-jan-31-2022',
101 silly addNameRange     '1.19.0-alpha-feb-1-2022',
101 silly addNameRange     '1.18.1-beta-1643727981000',
101 silly addNameRange     '1.18.1-beta-1643748433000',
101 silly addNameRange     '1.19.0-alpha-1643749494000',
101 silly addNameRange     '1.18.1-beta-1643751305000',
101 silly addNameRange     '1.19.0-alpha-feb-2-2022',
101 silly addNameRange     '1.19.0-alpha-feb-3-2022',
101 silly addNameRange     '1.19.0-alpha-1643866005000',
101 silly addNameRange     '1.19.0-alpha-feb-4-2022',
101 silly addNameRange     '1.19.0-alpha-feb-5-2022',
101 silly addNameRange     '1.19.0-alpha-feb-6-2022',
101 silly addNameRange     '1.19.0-alpha-feb-7-2022',
101 silly addNameRange     '1.19.0-alpha-feb-8-2022',
101 silly addNameRange     '1.19.0-alpha-1644345300000',
101 silly addNameRange     '1.19.0-beta-1644364656000',
101 silly addNameRange     '1.20.0-alpha-feb-9-2022',
101 silly addNameRange     '1.19.0-beta-1644430980000',
101 silly addNameRange     '1.19.0-beta-1644435070000',
101 silly addNameRange     '1.19.0-beta-1644435641000',
101 silly addNameRange     '1.19.0-beta-1644435650000',
101 silly addNameRange     '1.19.0-beta-1644449736000',
101 silly addNameRange     '1.19.0-beta-1644449910000',
101 silly addNameRange     '1.20.0-alpha-feb-10-2022',
101 silly addNameRange     '1.19.0-beta-1644512156000',
101 silly addNameRange     '1.19.0-beta-1644526026000',
101 silly addNameRange     '1.20.0-alpha-feb-11-2022',
101 silly addNameRange     '1.19.0-beta-1644557062000',
101 silly addNameRange     '1.19.0-beta-1644589657000',
101 silly addNameRange     '1.19.0-beta-1644595974000',
101 silly addNameRange     '1.19.0-beta-1644598693000',
101 silly addNameRange     '1.19.0-beta-1644599140000',
101 silly addNameRange     '1.19.0-beta-1644599706000',
101 silly addNameRange     '1.19.0-beta-1644601190000',
101 silly addNameRange     '1.19.0-beta-1644601374000',
101 silly addNameRange     '1.19.0-beta-1644607162000',
101 silly addNameRange     '1.19.0-beta-1644607547000',
101 silly addNameRange     '1.19.0-beta-1644607744000',
101 silly addNameRange     '1.19.0-beta-1644614300000',
101 silly addNameRange     '1.19.0',
101 silly addNameRange     '1.20.0-alpha-feb-12-2022',
101 silly addNameRange     '1.20.0-alpha-feb-13-2022',
101 silly addNameRange     '1.20.0-alpha-feb-14-2022',
101 silly addNameRange     '1.20.0-alpha-feb-15-2022',
101 silly addNameRange     '1.19.0-beta-1644953055000',
101 silly addNameRange     '1.19.0-beta-1644958173000',
101 silly addNameRange     '1.19.0-beta-1644960314000',
101 silly addNameRange     '1.19.1-beta-1644960332000',
101 silly addNameRange     '1.20.0-alpha-feb-16-2022',
101 silly addNameRange     '1.19.1',
101 silly addNameRange     '1.19.1-beta-1645034173000',
101 silly addNameRange     '1.20.0-alpha-feb-17-2022',
101 silly addNameRange     '1.20.0-alpha-1645141443000',
101 silly addNameRange     '1.20.0-alpha-feb-18-2022',
101 silly addNameRange     '1.20.0-alpha-feb-19-2022',
101 silly addNameRange     '1.20.0-alpha-feb-20-2022',
101 silly addNameRange     '1.19.1-beta-1645326041000',
101 silly addNameRange     '1.20.0-alpha-feb-21-2022',
101 silly addNameRange     '1.20.0-alpha-feb-22-2022',
101 silly addNameRange     '1.19.1-beta-1645565996000',
101 silly addNameRange     '1.20.0-alpha-feb-23-2022',
101 silly addNameRange     '1.19.1-beta-1645650935000',
101 silly addNameRange     '1.19.1-beta-1645654227000',
101 silly addNameRange     '1.19.1-beta-1645656827000',
101 silly addNameRange     '1.19.2-beta-1645657231000',
101 silly addNameRange     '1.20.0-alpha-feb-24-2022',
101 silly addNameRange     '1.20.0-alpha-1645682252000',
101 silly addNameRange     '1.19.2',
101 silly addNameRange     '1.20.0-alpha-feb-25-2022',
101 silly addNameRange     '1.20.0-alpha-feb-26-2022',
101 silly addNameRange     '1.20.0-alpha-feb-27-2022',
101 silly addNameRange     '1.20.0-alpha-feb-28-2022',
101 silly addNameRange     '1.20.0-alpha-mar-1-2022',
101 silly addNameRange     '1.20.0-alpha-mar-2-2022',
101 silly addNameRange     '1.20.0-alpha-1646242424000',
101 silly addNameRange     '1.20.0-alpha-mar-3-2022',
101 silly addNameRange     '1.20.0-alpha-1646324243000',
101 silly addNameRange     '1.20.0-alpha-mar-4-2022',
101 silly addNameRange     '1.20.0-alpha-mar-5-2022',
101 silly addNameRange     '1.20.0-alpha-mar-6-2022',
101 silly addNameRange     '1.20.0-alpha-mar-7-2022',
101 silly addNameRange     '1.20.0-beta-1646678256000',
101 silly addNameRange     '1.20.0-alpha-mar-8-2022',
101 silly addNameRange     '1.20.0-beta-1646771980000',
101 silly addNameRange     '1.21.0-alpha-1646784151000',
101 silly addNameRange     '1.20.0-beta-1646786516000',
101 silly addNameRange     '1.21.0-alpha-mar-9-2022',
101 silly addNameRange     '1.20.0-beta-1646791472000',
101 silly addNameRange     '1.20.0-beta-1646855573000',
101 silly addNameRange     '1.21.0-alpha-mar-10-2022',
101 silly addNameRange     '1.20.0-beta-1646938304000',
101 silly addNameRange     '1.21.0-alpha-mar-11-2022',
101 silly addNameRange     '1.21.0-alpha-mar-12-2022',
101 silly addNameRange     '1.20.0-beta-1647046302000',
101 silly addNameRange     '1.20.0-beta-1647046964000',
101 silly addNameRange     '1.20.0-beta-1647057403000',
101 silly addNameRange     '1.21.0-alpha-mar-13-2022',
101 silly addNameRange     '1.21.0-alpha-mar-14-2022',
101 silly addNameRange     '1.20.0-beta-1647281535000',
101 silly addNameRange     '1.20.0-beta-1647281549000',
101 silly addNameRange     '1.20.0-beta-1647289765000',
101 silly addNameRange     '1.20.0',
101 silly addNameRange     '1.21.0-alpha-mar-15-2022',
101 silly addNameRange     '1.20.0-beta-1647369548000',
101 silly addNameRange     '1.21.0-alpha-mar-16-2022',
101 silly addNameRange     '1.20.0-beta-1647390690000',
101 silly addNameRange     '1.20.0-beta-1647393989000',
101 silly addNameRange     '1.20.0-beta-1647474961000',
101 silly addNameRange     '1.21.0-alpha-mar-17-2022',
101 silly addNameRange     '1.20.0-beta-1647549466000',
101 silly addNameRange     '1.21.0-alpha-mar-18-2022',
101 silly addNameRange     '1.20.0-beta-1647621387000',
101 silly addNameRange     '1.21.0-alpha-mar-19-2022',
101 silly addNameRange     '1.20.0-beta-1647728478000',
101 silly addNameRange     '1.21.0-alpha-mar-20-2022',
101 silly addNameRange     '1.21.0-alpha-mar-21-2022',
101 silly addNameRange     '1.20.0-beta-1647885836000',
101 silly addNameRange     '1.20.0-beta-1647899774000',
101 silly addNameRange     '1.21.0-alpha-mar-22-2022',
101 silly addNameRange     '1.20.0-beta-1647910480000',
101 silly addNameRange     '1.20.1-beta-1647910498000',
101 silly addNameRange     '1.20.1-beta-1647974804000',
101 silly addNameRange     '1.21.0-alpha-mar-23-2022',
101 silly addNameRange     '1.20.1-beta-1648061377000',
101 silly addNameRange     '1.20.1',
101 silly addNameRange     '1.21.0-alpha-mar-24-2022',
101 silly addNameRange     '1.21.0-alpha-mar-25-2022',
101 silly addNameRange     '1.21.0-alpha-mar-26-2022',
101 silly addNameRange     '1.21.0-alpha-mar-27-2022',
101 silly addNameRange     '1.21.0-alpha-mar-28-2022',
101 silly addNameRange     '1.21.0-alpha-mar-29-2022',
101 silly addNameRange     '1.20.1-beta-1648587090000',
101 silly addNameRange     '1.20.1-beta-1648590385000',
101 silly addNameRange     '1.21.0-alpha-mar-30-2022',
101 silly addNameRange     '1.21.0-alpha-mar-31-2022',
101 silly addNameRange     '1.20.1-beta-1648766739000',
101 silly addNameRange     '1.20.2-beta-1648766766000',
101 silly addNameRange     '1.21.0-alpha-apr-1-2022',
101 silly addNameRange     '1.20.2',
101 silly addNameRange     '1.21.0-alpha-apr-2-2022',
101 silly addNameRange     '1.21.0-alpha-apr-3-2022',
101 silly addNameRange     '1.21.0-alpha-apr-4-2022',
101 silly addNameRange     '1.21.0-alpha-apr-5-2022',
101 silly addNameRange     '1.21.0-alpha-1649130964000',
101 silly addNameRange     '1.21.0-alpha-1649134399000',
101 silly addNameRange     '1.21.0-alpha-apr-6-2022',
101 silly addNameRange     '1.21.0-alpha-apr-7-2022',
101 silly addNameRange     '1.21.0-alpha-1649352945000',
101 silly addNameRange     '1.21.0-alpha-1649377372000',
101 silly addNameRange     '1.21.0-alpha-apr-8-2022',
101 silly addNameRange     '1.21.0-beta-1649377372000',
101 silly addNameRange     '1.21.0-beta-1649392175000',
101 silly addNameRange     '1.21.0-beta-1649396150000',
101 silly addNameRange     '1.21.0-beta-1649435523000',
101 silly addNameRange     '1.21.0-beta-1649443880000',
101 silly addNameRange     '1.22.0-alpha-1649452538000',
101 silly addNameRange     '1.21.0-beta-1649448530000',
101 silly addNameRange     '1.22.0-alpha-1649455063000',
101 silly addNameRange     '1.22.0-alpha-apr-9-2022',
101 silly addNameRange     '1.22.0-alpha-apr-10-2022',
101 silly addNameRange     '1.22.0-alpha-apr-11-2022',
101 silly addNameRange     '1.21.0-beta-1649696279000',
101 silly addNameRange     '1.21.0-beta-1649696337000',
101 silly addNameRange     '1.21.0-beta-1649696820000',
101 silly addNameRange     '1.21.0-beta-1649712128000',
101 silly addNameRange     '1.21.0-beta-1649721721000',
101 silly addNameRange     '1.21.0-beta-1649721872000',
101 silly addNameRange     '1.22.0-alpha-apr-12-2022',
101 silly addNameRange     '1.21.0',
101 silly addNameRange     '1.22.0-alpha-1649795948000',
101 silly addNameRange     '1.22.0-alpha-apr-13-2022',
101 silly addNameRange     '1.22.0-alpha-1649827248000',
101 silly addNameRange     '1.22.0-alpha-1649876160000',
101 silly addNameRange     '1.22.0-alpha-1649877215000',
101 silly addNameRange     '1.22.0-alpha-apr-14-2022',
101 silly addNameRange     '1.22.0-alpha-apr-15-2022',
101 silly addNameRange     '1.22.0-alpha-apr-16-2022',
101 silly addNameRange     '1.22.0-alpha-apr-17-2022',
101 silly addNameRange     '1.22.0-alpha-apr-18-2022',
101 silly addNameRange     '1.21.0-beta-1650290738000',
101 silly addNameRange     '1.21.0-beta-1650304062000',
101 silly addNameRange     '1.21.1-beta-1650314981000',
101 silly addNameRange     '1.21.1',
101 silly addNameRange     '1.21.1-beta-1650321640000',
101 silly addNameRange     '1.22.0-alpha-apr-19-2022',
101 silly addNameRange     '1.22.0-alpha-1650379536000',
101 silly addNameRange     '1.22.0-alpha-1650382291000',
101 silly addNameRange     '1.22.0-alpha-apr-20-2022',
101 silly addNameRange     '1.22.0-alpha-apr-21-2022',
101 silly addNameRange     '1.21.1-beta-1650580895000',
101 silly addNameRange     '1.22.0-alpha-apr-22-2022',
101 silly addNameRange     '1.22.0-alpha-apr-23-2022',
101 silly addNameRange     '1.22.0-alpha-apr-24-2022',
101 silly addNameRange     '1.22.0-alpha-apr-25-2022',
101 silly addNameRange     '1.22.0-alpha-apr-26-2022',
101 silly addNameRange     '1.22.0-alpha-apr-27-2022',
101 silly addNameRange     '1.22.0-alpha-apr-28-2022',
101 silly addNameRange     '1.22.0-alpha-apr-29-2022',
101 silly addNameRange     '1.22.0-alpha-apr-30-2022',
101 silly addNameRange     '1.22.0-alpha-may-1-2022',
101 silly addNameRange     '1.22.0-alpha-may-2-2022',
101 silly addNameRange     '1.22.0-alpha-may-3-2022',
101 silly addNameRange     '1.22.0-alpha-1651594460000',
101 silly addNameRange     '1.22.0-alpha-may-4-2022',
101 silly addNameRange     '1.22.0-alpha-may-5-2022',
101 silly addNameRange     '1.22.0-alpha-1651794985000',
101 silly addNameRange     '1.22.0-alpha-may-6-2022',
101 silly addNameRange     '1.22.0-alpha-1651874018000',
101 silly addNameRange     '1.22.0-alpha-may-7-2022',
101 silly addNameRange     '1.22.0-alpha-may-8-2022',
101 silly addNameRange     '1.22.0-alpha-1652004421000',
101 silly addNameRange     '1.22.0-alpha-may-9-2022',
101 silly addNameRange     '1.22.0-alpha-1652115973000',
101 silly addNameRange     '1.22.0-alpha-may-10-2022',
101 silly addNameRange     '1.22.0-alpha-1652194905000',
101 silly addNameRange     '1.22.0-alpha-may-11-2022',
101 silly addNameRange     '1.22.0-alpha-may-12-2022',
101 silly addNameRange     '1.22.0-beta-1652378875000',
101 silly addNameRange     '1.22.0-beta-1652379237000',
101 silly addNameRange     '1.22.0',
101 silly addNameRange     '1.23.0-alpha-may-13-2022',
101 silly addNameRange     '1.23.0-alpha-may-14-2022',
101 silly addNameRange     '1.23.0-alpha-may-15-2022',
101 silly addNameRange     '1.23.0-alpha-may-16-2022',
101 silly addNameRange     '1.22.0-beta-1652715158000',
101 silly addNameRange     '1.23.0-alpha-may-17-2022',
101 silly addNameRange     '1.22.0-beta-1652762540000',
101 silly addNameRange     '1.22.1-beta-1652781626000',
101 silly addNameRange     '1.22.1',
101 silly addNameRange     '1.23.0-alpha-may-18-2022',
101 silly addNameRange     '1.22.1-beta-1652845163000',
101 silly addNameRange     '1.23.0-alpha-1652893025000',
101 silly addNameRange     '1.23.0-alpha-may-19-2022',
101 silly addNameRange     '1.22.1-beta-1652965837000',
101 silly addNameRange     '1.22.1-beta-1652969072000',
101 silly addNameRange     '1.22.1-beta-1652998779000',
101 silly addNameRange     '1.23.0-alpha-may-20-2022',
101 silly addNameRange     '1.23.0-alpha-may-21-2022',
101 silly addNameRange     '1.22.2-beta-1653099966000',
101 silly addNameRange     '1.22.2',
101 silly addNameRange     '1.23.0-alpha-may-22-2022',
101 silly addNameRange     '1.23.0-alpha-may-23-2022',
101 silly addNameRange     '1.22.2-beta-1653342002000',
101 silly addNameRange     '1.23.0-alpha-may-24-2022',
101 silly addNameRange     '1.22.2-beta-1653417363000',
101 silly addNameRange     '1.23.0-alpha-may-25-2022',
101 silly addNameRange     '1.23.0-alpha-1653446608000',
101 silly addNameRange     '1.23.0-alpha-may-26-2022',
101 silly addNameRange     '1.22.2-beta-1653605538000',
101 silly addNameRange     '1.23.0-alpha-may-27-2022',
101 silly addNameRange     '1.23.0-alpha-may-28-2022',
101 silly addNameRange     '1.23.0-alpha-may-29-2022',
101 silly addNameRange     '1.23.0-alpha-may-30-2022',
101 silly addNameRange     '1.23.0-alpha-may-31-2022',
101 silly addNameRange     '1.23.0-alpha-jun-1-2022',
101 silly addNameRange     '1.23.0-alpha-jun-2-2022',
101 silly addNameRange     '1.23.0-alpha-jun-3-2022',
101 silly addNameRange     '1.23.0-alpha-jun-4-2022',
101 silly addNameRange     '1.23.0-alpha-jun-5-2022',
101 silly addNameRange     '1.23.0-alpha-jun-6-2022',
101 silly addNameRange     '1.23.0-alpha-jun-7-2022',
101 silly addNameRange     '1.23.0-alpha-jun-8-2022',
101 silly addNameRange     '1.23.0-alpha-jun-9-2022',
101 silly addNameRange     '1.23.0-alpha-1654784525000',
101 silly addNameRange     '1.23.0-alpha-jun-10-2022',
101 silly addNameRange     '1.23.0-alpha-1654905181000',
101 silly addNameRange     '1.23.0-alpha-jun-11-2022',
101 silly addNameRange     '1.23.0-alpha-jun-12-2022',
101 silly addNameRange     '1.23.0-alpha-jun-13-2022',
101 silly addNameRange     '1.23.0-alpha-jun-14-2022',
101 silly addNameRange     '1.23.0-beta-1655171903000',
101 silly addNameRange     '1.23.0-alpha-1655198429000',
101 silly addNameRange     '1.23.0-beta-1655198429000',
101 silly addNameRange     '1.23.0-alpha-1655244442000',
101 silly addNameRange     '1.23.0-alpha-jun-15-2022',
101 silly addNameRange     '1.23.0-alpha-jun-16-2022',
101 silly addNameRange     '1.23.0-beta-1655397914000',
101 silly addNameRange     '1.23.0-alpha-jun-17-2022',
101 silly addNameRange     '1.23.0-alpha-jun-18-2022',
101 silly addNameRange     '1.23.0-alpha-jun-19-2022',
101 silly addNameRange     '1.23.0-alpha-jun-20-2022',
101 silly addNameRange     '1.23.0-alpha-jun-21-2022',
101 silly addNameRange     '1.23.0-alpha-1655778679000',
101 silly addNameRange     '1.23.0-beta-1655830418000',
101 silly addNameRange     '1.24.0-alpha-jun-22-2022',
101 silly addNameRange     '1.24.0-alpha-1655882451000',
101 silly addNameRange     '1.23.0-beta-1655918129000',
101 silly addNameRange     '1.23.0-beta-1655922172000',
101 silly addNameRange     '1.23.0-beta-1655926399000',
101 silly addNameRange     '1.23.0-beta-1655933914000',
101 silly addNameRange     '1.23.0-beta-1655935081000',
101 silly addNameRange     '1.24.0-alpha-jun-23-2022',
101 silly addNameRange     '1.24.0-alpha-1656026114000',
101 silly addNameRange     '1.23.0-beta-1656026282000',
101 silly addNameRange     '1.23.0-beta-1656026477000',
101 silly addNameRange     '1.23.0-beta-1656026605000',
101 silly addNameRange     '1.24.0-alpha-jun-24-2022',
101 silly addNameRange     '1.23.0-beta-1656035897000',
101 silly addNameRange     '1.23.0-beta-1656093125000',
101 silly addNameRange     '1.24.0-alpha-jun-25-2022',
101 silly addNameRange     '1.24.0-alpha-jun-26-2022',
101 silly addNameRange     '1.24.0-alpha-jun-27-2022',
101 silly addNameRange     '1.23.0-beta-1656330747000',
101 silly addNameRange     '1.23.0-beta-1656351500000',
101 silly addNameRange     '1.23.0',
101 silly addNameRange     '1.23.0-beta-1656369277000',
101 silly addNameRange     '1.24.0-alpha-jun-28-2022',
101 silly addNameRange     '1.23.0-beta-1656387337000',
101 silly addNameRange     '1.23.0-beta-1656449394000',
101 silly addNameRange     '1.23.0-beta-1656457055000',
101 silly addNameRange     '1.24.0-alpha-jun-29-2022',
101 silly addNameRange     '1.23.0-beta-1656506688000',
101 silly addNameRange     '1.23.0-beta-1656530993000',
101 silly addNameRange     '1.24.0-alpha-jun-30-2022',
101 silly addNameRange     '1.23.1-beta-1656608002000',
101 silly addNameRange     '1.23.1',
101 silly addNameRange     '1.23.1-beta-1656632677000',
101 silly addNameRange     '1.24.0-alpha-jul-1-2022',
101 silly addNameRange     '1.23.1-beta-1656679839000',
101 silly addNameRange     '1.23.1-beta-1656680611000',
101 silly addNameRange     '1.23.1-beta-1656692892000',
101 silly addNameRange     '1.23.1-beta-1656696173000',
101 silly addNameRange     '1.24.0-alpha-jul-2-2022',
101 silly addNameRange     '1.24.0-alpha-jul-3-2022',
101 silly addNameRange     '1.24.0-alpha-jul-4-2022',
101 silly addNameRange     '1.24.0-alpha-jul-5-2022',
101 silly addNameRange     '1.24.0-alpha-jul-6-2022',
101 silly addNameRange     '1.23.1-beta-1657141329000',
101 silly addNameRange     '1.23.1-beta-1657145110000',
101 silly addNameRange     '1.24.0-alpha-jul-7-2022',
101 silly addNameRange     '1.23.2-beta-1657218473000',
101 silly addNameRange     '1.23.2',
101 silly addNameRange     '1.24.0-alpha-jul-8-2022',
101 silly addNameRange     '1.24.0-alpha-jul-9-2022',
101 silly addNameRange     '1.24.0-alpha-jul-10-2022',
101 silly addNameRange     '1.24.0-alpha-jul-11-2022',
101 silly addNameRange     '1.24.0-alpha-jul-12-2022',
101 silly addNameRange     '1.23.2-beta-1657656327000',
101 silly addNameRange     '1.23.3-beta-1657712993000',
101 silly addNameRange     '1.23.3',
101 silly addNameRange     '1.24.0-alpha-1657710564000',
101 silly addNameRange     '1.24.0-alpha-jul-14-2022',
101 silly addNameRange     '1.24.0-beta-1657816946000',
101 silly addNameRange     '1.24.0-beta-1657829686000',
101 silly addNameRange     '1.24.0-beta-1657829746000',
101 silly addNameRange     '1.24.0-beta-1657832487000',
101 silly addNameRange     '1.25.0-alpha-jul-15-2022',
101 silly addNameRange     '1.24.0-beta-1657859090000',
101 silly addNameRange     '1.24.0-beta-1657865532000',
101 silly addNameRange     '1.24.0-beta-1657900992000',
101 silly addNameRange     '1.24.0-beta-1657908604000',
101 silly addNameRange     '1.24.0-beta-1657918044000',
101 silly addNameRange     '1.23.3-beta-1657928342000',
101 silly addNameRange     '1.23.4-beta-1657931017000',
101 silly addNameRange     '1.23.4',
101 silly addNameRange     '1.25.0-alpha-jul-16-2022',
101 silly addNameRange     '1.25.0-alpha-jul-17-2022',
101 silly addNameRange     '1.25.0-alpha-jul-18-2022',
101 silly addNameRange     '1.24.0-beta-1657919681000',
101 silly addNameRange     '1.25.0-alpha-jul-19-2022',
101 silly addNameRange     '1.25.0-alpha-jul-20-2022',
101 silly addNameRange     '1.24.0-beta-1658348931000',
101 silly addNameRange     '1.25.0-alpha-jul-21-2022',
101 silly addNameRange     '1.24.0-beta-1658439162000',
101 silly addNameRange     '1.24.0-beta-1658440934000',
101 silly addNameRange     '1.24.0-beta-1658441541000',
101 silly addNameRange     '1.24.0',
101 silly addNameRange     '1.24.0-beta-1658445570000',
101 silly addNameRange     '1.25.0-alpha-jul-22-2022',
101 silly addNameRange     '1.24.0-beta-1658513677000',
101 silly addNameRange     '1.24.0-beta-1658513698000',
101 silly addNameRange     '1.25.0-alpha-jul-23-2022',
101 silly addNameRange     '1.25.0-alpha-jul-24-2022',
101 silly addNameRange     '1.25.0-alpha-jul-25-2022',
101 silly addNameRange     '1.24.0-beta-1658740819000',
101 silly addNameRange     '1.24.0-beta-1658782064000',
101 silly addNameRange     '1.25.0-alpha-jul-26-2022',
101 silly addNameRange     '1.24.0-beta-1658795899000',
101 silly addNameRange     '1.24.1-beta-1658834175000',
101 silly addNameRange     '1.24.1',
101 silly addNameRange     '1.25.0-alpha-jul-27-2022',
101 silly addNameRange     '1.24.1-beta-1658946462000',
101 silly addNameRange     '1.25.0-alpha-jul-28-2022',
101 silly addNameRange     '1.25.0-alpha-jul-29-2022',
101 silly addNameRange     '1.24.2-beta-1659096416000',
101 silly addNameRange     '1.24.2',
101 silly addNameRange     '1.25.0-alpha-jul-30-2022',
101 silly addNameRange     '1.25.0-alpha-jul-31-2022',
101 silly addNameRange     '1.25.0-alpha-aug-1-2022',
101 silly addNameRange     '1.25.0-alpha-aug-2-2022',
101 silly addNameRange     '1.25.0-alpha-1659484206000',
101 silly addNameRange     '1.25.0-alpha-aug-3-2022',
101 silly addNameRange     '1.25.0-alpha-1659555281000',
101 silly addNameRange     '1.25.0-alpha-aug-4-2022',
101 silly addNameRange     '1.25.0-alpha-1659629898000',
101 silly addNameRange     '1.24.2-beta-1659636872000',
101 silly addNameRange     '1.25.0-alpha-1659639526000',
101 silly addNameRange     '1.25.0-alpha-aug-5-2022',
101 silly addNameRange     '1.25.0-alpha-aug-6-2022',
101 silly addNameRange     '1.25.0-alpha-aug-7-2022',
101 silly addNameRange     '1.25.0-alpha-aug-8-2022',
101 silly addNameRange     '1.25.0-alpha-1659998098000',
101 silly addNameRange     '1.25.0-alpha-aug-9-2022',
101 silly addNameRange     '1.25.0-alpha-1660067092000',
101 silly addNameRange     '1.26.0-alpha-aug-10-2022',
101 silly addNameRange     '1.25.0-beta-1660134229000',
101 silly addNameRange     '1.25.0-beta-1660134302000',
101 silly addNameRange     '1.25.0-beta-1660136025000',
101 silly addNameRange     '1.25.0-beta-1660135972000',
101 silly addNameRange     '1.25.0-beta-1660142208000',
101 silly addNameRange     '1.25.0-beta-1660149140000',
101 silly addNameRange     '1.25.0-beta-1660156046000',
101 silly addNameRange     '1.25.0-beta-1660160263000',
101 silly addNameRange     '1.26.0-alpha-1660165421000',
101 silly addNameRange     '1.25.0-beta-1660166356000',
101 silly addNameRange     '1.25.0-beta-1660171265000',
101 silly addNameRange     '1.25.0',
101 silly addNameRange     '1.26.0-alpha-aug-11-2022',
101 silly addNameRange     '1.25.0-beta-1660213765000',
101 silly addNameRange     '1.26.0-alpha-aug-12-2022',
101 silly addNameRange     '1.26.0-alpha-aug-13-2022',
101 silly addNameRange     '1.26.0-alpha-aug-14-2022',
101 silly addNameRange     '1.26.0-alpha-aug-15-2022',
101 silly addNameRange     '1.25.0-beta-1660549413000',
101 silly addNameRange     '1.26.0-alpha-1660580855000',
101 silly addNameRange     '1.25.0-beta-1660586581000',
101 silly addNameRange     '1.25.0-beta-1660587344000',
101 silly addNameRange     '1.26.0-alpha-1660591492000',
101 silly addNameRange     '1.25.0-beta-1660603535000',
101 silly addNameRange     '1.26.0-alpha-aug-16-2022',
101 silly addNameRange     '1.26.0-alpha-aug-17-2022',
101 silly addNameRange     '1.26.0-alpha-aug-18-2022',
101 silly addNameRange     '1.26.0-alpha-aug-19-2022',
101 silly addNameRange     '1.25.0-beta-1660912234000',
101 silly addNameRange     '1.25.0-beta-1660952656000',
101 silly addNameRange     '1.26.0-alpha-aug-20-2022',
101 silly addNameRange     '1.25.0-beta-1660977861000',
101 silly addNameRange     '1.26.0-alpha-aug-21-2022',
101 silly addNameRange     '1.26.0-alpha-aug-22-2022',
101 silly addNameRange     '1.26.0-alpha-aug-23-2022',
101 silly addNameRange     '1.25.0-beta-1661275579000',
101 silly addNameRange     '1.25.1-beta-1661279778000',
101 silly addNameRange     '1.25.1',
101 silly addNameRange     '1.26.0-alpha-aug-24-2022',
101 silly addNameRange     '1.26.0-alpha-aug-25-2022',
101 silly addNameRange     '1.26.0-alpha-aug-26-2022',
101 silly addNameRange     '1.26.0-alpha-aug-27-2022',
101 silly addNameRange     '1.26.0-alpha-aug-28-2022',
101 silly addNameRange     '1.26.0-alpha-aug-29-2022',
101 silly addNameRange     '1.26.0-alpha-aug-30-2022',
101 silly addNameRange     '1.26.0-alpha-aug-31-2022',
101 silly addNameRange     '1.26.0-alpha-1661907180000',
101 silly addNameRange     '1.25.1-beta-1661977117000',
101 silly addNameRange     '1.25.1-beta-1661979417000',
101 silly addNameRange     '1.26.0-alpha-sep-1-2022',
101 silly addNameRange     '1.26.0-alpha-sep-2-2022',
101 silly addNameRange     '1.25.1-beta-1662161757000',
101 silly addNameRange     '1.26.0-alpha-sep-3-2022',
101 silly addNameRange     '1.26.0-alpha-sep-4-2022',
101 silly addNameRange     '1.26.0-alpha-sep-5-2022',
101 silly addNameRange     '1.26.0-alpha-1662365984000',
101 silly addNameRange     '1.26.0-alpha-sep-6-2022',
101 silly addNameRange     '1.25.1-beta-1662493798000',
101 silly addNameRange     '1.25.1-beta-1662499185000',
101 silly addNameRange     '1.25.2-beta-1662502001000',
101 silly addNameRange     '1.26.0-alpha-sep-7-2022',
101 silly addNameRange     '1.25.2',
101 silly addNameRange     '1.26.0-alpha-sep-8-2022',
101 silly addNameRange     '1.26.0-alpha-sep-9-2022',
101 silly addNameRange     '1.26.0-beta-1662762342000',
101 silly addNameRange     '1.26.0-alpha-sep-10-2022',
101 silly addNameRange     '1.26.0-alpha-sep-11-2022',
101 silly addNameRange     '1.26.0-alpha-sep-12-2022',
101 silly addNameRange     '1.27.0-alpha-1663008124000',
101 silly addNameRange     '1.27.0-alpha-sep-13-2022',
101 silly addNameRange     '1.26.0-beta-1663000204000',
101 silly addNameRange     '1.26.0-beta-1663087977000',
101 silly addNameRange     '1.26.0-beta-1663087990000',
101 silly addNameRange     '1.26.0-beta-1663100527000',
101 silly addNameRange     '1.27.0-alpha-sep-14-2022',
101 silly addNameRange     '1.27.0-alpha-1663172201000',
101 silly addNameRange     '1.26.0-beta-1663194964000',
101 silly addNameRange     '1.26.0-beta-1663195316000',
101 silly addNameRange     '1.27.0-alpha-sep-15-2022',
101 silly addNameRange     '1.26.0-beta-1663260835000',
101 silly addNameRange     '1.26.0-beta-1663275008000',
101 silly addNameRange     '1.26.0-beta-1663280809000',
101 silly addNameRange     '1.26.0-beta-1663286556000',
101 silly addNameRange     '1.27.0-alpha-sep-16-2022',
101 silly addNameRange     '1.27.0-alpha-sep-17-2022',
101 silly addNameRange     '1.27.0-alpha-sep-18-2022',
101 silly addNameRange     '1.27.0-alpha-sep-19-2022',
101 silly addNameRange     '1.26.0-beta-1663610133000',
101 silly addNameRange     '1.26.0-beta-1663611269000',
101 silly addNameRange     '1.26.0-beta-1663611569000',
101 silly addNameRange     '1.26.0-beta-1663620933000',
101 silly addNameRange     '1.27.0-alpha-sep-20-2022',
101 silly addNameRange     '1.26.0',
101 silly addNameRange     '1.26.0-beta-1663707906000',
101 silly addNameRange     '1.26.0-beta-1663712360000',
101 silly addNameRange     '1.26.0-beta-1663715449000',
101 silly addNameRange     '1.27.0-alpha-sep-21-2022',
101 silly addNameRange     '1.27.0-alpha-1663789543000',
101 silly addNameRange     '1.27.0-alpha-sep-22-2022',
101 silly addNameRange     '1.27.0-alpha-sep-23-2022',
101 silly addNameRange     '1.27.0-alpha-sep-24-2022',
101 silly addNameRange     '1.27.0-alpha-sep-25-2022',
101 silly addNameRange     '1.27.0-alpha-sep-26-2022',
101 silly addNameRange     '1.26.0-beta-1664217615000',
101 silly addNameRange     '1.27.0-alpha-sep-27-2022',
101 silly addNameRange     '1.26.0-beta-1664248417000',
101 silly addNameRange     '1.26.1-beta-1664257337000',
101 silly addNameRange     '1.26.1',
101 silly addNameRange     '1.27.0-alpha-sep-28-2022',
101 silly addNameRange     '1.27.0-alpha-sep-29-2022',
101 silly addNameRange     '1.27.0-alpha-sep-30-2022',
101 silly addNameRange     '1.27.0-alpha-oct-1-2022',
101 silly addNameRange     '1.27.0-alpha-oct-2-2022',
101 silly addNameRange     '1.27.0-alpha-oct-3-2022',
101 silly addNameRange     '1.27.0-alpha-oct-4-2022',
101 silly addNameRange     '1.27.0-alpha-1664914898000',
101 silly addNameRange     '1.27.0-alpha-oct-5-2022',
101 silly addNameRange     '1.27.0-beta-1665005064000',
101 silly addNameRange     '1.27.0-beta-1665014412000',
101 silly addNameRange     '1.28.0-alpha-oct-6-2022',
101 silly addNameRange     '1.27.0-beta-1665068904000',
101 silly addNameRange     '1.27.0-beta-1665072068000',
101 silly addNameRange     '1.27.0-beta-1665076342000',
101 silly addNameRange     '1.27.0-beta-1665079367000',
101 silly addNameRange     '1.27.0-beta-1665081309000',
101 silly addNameRange     '1.27.0-beta-1665086016000',
101 silly addNameRange     '1.27.0-beta-1665092193000',
101 silly addNameRange     '1.28.0-alpha-oct-7-2022',
101 silly addNameRange     '1.27.0-beta-1665104474000',
101 silly addNameRange     '1.27.0-beta-1665162701000',
101 silly addNameRange     '1.27.0-beta-1665163211000',
101 silly addNameRange     '1.27.0',
101 silly addNameRange     '1.28.0-alpha-oct-8-2022',
101 silly addNameRange     '1.27.0-beta-1665208998000',
101 silly addNameRange     '1.28.0-alpha-oct-9-2022',
101 silly addNameRange     '1.28.0-alpha-oct-10-2022',
101 silly addNameRange     '1.27.0-beta-1665429488000',
101 silly addNameRange     '1.27.0-beta-1665430012000',
101 silly addNameRange     '1.27.0-beta-1665430573000',
101 silly addNameRange     '1.27.0-beta-1665430618000',
101 silly addNameRange     '1.28.0-alpha-oct-11-2022',
101 silly addNameRange     '1.27.0-beta-1665507512000',
101 silly addNameRange     '1.27.0-beta-1665513213000',
101 silly addNameRange     '1.28.0-alpha-oct-12-2022',
101 silly addNameRange     '1.27.0-beta-1665535956000',
101 silly addNameRange     '1.27.1-beta-1665552007000',
101 silly addNameRange     '1.27.1',
101 silly addNameRange     '1.28.0-alpha-oct-13-2022',
101 silly addNameRange     '1.27.1-beta-1665679529000',
101 silly addNameRange     '1.28.0-alpha-oct-14-2022',
101 silly addNameRange     '1.28.0-alpha-oct-15-2022',
101 silly addNameRange     '1.28.0-alpha-oct-16-2022',
101 silly addNameRange     '1.28.0-alpha-oct-17-2022',
101 silly addNameRange     '1.27.1-beta-1666021552000',
101 silly addNameRange     '1.28.0-alpha-oct-18-2022',
101 silly addNameRange     '1.28.0-alpha-oct-19-2022',
101 silly addNameRange     '1.28.0-alpha-oct-20-2022',
101 silly addNameRange     '1.28.0-alpha-oct-21-2022',
101 silly addNameRange     '1.28.0-alpha-oct-22-2022',
101 silly addNameRange     '1.28.0-alpha-oct-23-2022',
101 silly addNameRange     '1.28.0-alpha-oct-24-2022',
101 silly addNameRange     '1.28.0-alpha-oct-25-2022',
101 silly addNameRange     '1.28.0-alpha-1666716920000',
101 silly addNameRange     '1.28.0-alpha-oct-26-2022',
101 silly addNameRange     '1.28.0-alpha-1666810142000',
101 silly addNameRange     '1.28.0-alpha-oct-27-2022',
101 silly addNameRange     '1.28.0-alpha-oct-28-2022',
101 silly addNameRange     '1.28.0-alpha-oct-29-2022',
101 silly addNameRange     '1.28.0-alpha-oct-30-2022',
101 silly addNameRange     '1.28.0-alpha-oct-31-2022',
101 silly addNameRange     '1.28.0-alpha-nov-1-2022',
101 silly addNameRange     '1.28.0-alpha-nov-2-2022',
101 silly addNameRange     '1.27.1-beta-1667430954000',
101 silly addNameRange     '1.28.0-alpha-nov-3-2022',
101 silly addNameRange     '1.28.0-alpha-1667504282000',
101 silly addNameRange     '1.28.0-alpha-nov-4-2022',
101 silly addNameRange     '1.28.0-alpha-nov-5-2022',
101 silly addNameRange     '1.28.0-alpha-nov-6-2022',
101 silly addNameRange     '1.28.0-alpha-nov-7-2022',
101 silly addNameRange     '1.28.0-alpha-nov-8-2022',
101 silly addNameRange     '1.28.0-alpha-nov-9-2022',
101 silly addNameRange     '1.28.0-alpha-nov-10-2022',
101 silly addNameRange     '1.28.0-alpha-nov-11-2022',
101 silly addNameRange     '1.28.0-beta-1668203080000',
101 silly addNameRange     '1.29.0-alpha-nov-12-2022',
101 silly addNameRange     '1.29.0-alpha-nov-13-2022',
101 silly addNameRange     '1.29.0-alpha-nov-14-2022',
101 silly addNameRange     '1.28.0-beta-1668449009000',
101 silly addNameRange     '1.28.0-beta-1668449150000',
101 silly addNameRange     '1.29.0-alpha-1668454236000',
101 silly addNameRange     '1.28.0-beta-1668463093000',
101 silly addNameRange     '1.28.0-beta-1668469027000',
101 silly addNameRange     '1.29.0-alpha-nov-15-2022',
101 silly addNameRange     '1.28.0-beta-1668473403000',
101 silly addNameRange     '1.28.0-beta-1668481322000',
101 silly addNameRange     '1.28.0-beta-1668535043000',
101 silly addNameRange     '1.28.0-beta-1668538195000',
101 silly addNameRange     '1.28.0-beta-1668538774000',
101 silly addNameRange     '1.28.0-beta-1668541928000',
101 silly addNameRange     '1.28.0-beta-1668541955000',
101 silly addNameRange     '1.28.0-beta-1668546662000',
101 silly addNameRange     '1.28.0-beta-1668546899000',
101 silly addNameRange     '1.28.0-beta-1668558062000',
101 silly addNameRange     '1.28.0-beta-1668558158000',
101 silly addNameRange     '1.28.0',
101 silly addNameRange     '1.28.0-beta-1668635971000',
101 silly addNameRange     '1.29.0-alpha-nov-17-2022',
101 silly addNameRange     '1.29.0-alpha-nov-18-2022',
101 silly addNameRange     '1.28.0-beta-1668756027000',
101 silly addNameRange     '1.29.0-alpha-nov-19-2022',
101 silly addNameRange     '1.29.0-alpha-nov-20-2022',
101 silly addNameRange     '1.29.0-alpha-nov-21-2022',
101 silly addNameRange     '1.28.0-beta-1669072579000',
101 silly addNameRange     '1.28.0-beta-1669073057000',
101 silly addNameRange     '1.28.0-beta-1669074896000',
101 silly addNameRange     '1.28.1-beta-1669075766000',
101 silly addNameRange     '1.29.0-alpha-nov-22-2022',
101 silly addNameRange     '1.28.1-beta-1669146784000',
101 silly addNameRange     '1.28.1-beta-1669161670000',
101 silly addNameRange     '1.29.0-alpha-nov-23-2022',
101 silly addNameRange     '1.28.1',
101 silly addNameRange     '1.29.0-alpha-nov-24-2022',
101 silly addNameRange     '1.29.0-alpha-nov-25-2022',
101 silly addNameRange     '1.29.0-alpha-nov-26-2022',
101 silly addNameRange     '1.29.0-alpha-nov-27-2022',
101 silly addNameRange     '1.29.0-alpha-nov-28-2022',
101 silly addNameRange     '1.29.0-alpha-nov-29-2022',
101 silly addNameRange     '1.29.0-alpha-nov-30-2022',
101 silly addNameRange     '1.29.0-alpha-dec-1-2022',
101 silly addNameRange     '1.29.0-alpha-dec-2-2022',
101 silly addNameRange     '1.29.0-alpha-dec-3-2022',
101 silly addNameRange     '1.29.0-alpha-dec-4-2022',
101 silly addNameRange     '1.29.0-alpha-dec-5-2022',
101 silly addNameRange     '1.29.0-alpha-dec-6-2022',
101 silly addNameRange     '1.29.0-alpha-dec-7-2022',
101 silly addNameRange     '1.29.0-alpha-dec-8-2022',
101 silly addNameRange     '1.29.0-alpha-dec-9-2022',
101 silly addNameRange     '1.29.0-alpha-dec-10-2022',
101 silly addNameRange     '1.29.0-alpha-dec-11-2022',
101 silly addNameRange     '1.29.0-alpha-dec-12-2022',
101 silly addNameRange     '1.29.0-alpha-dec-13-2022',
101 silly addNameRange     '1.29.0-alpha-dec-14-2022',
101 silly addNameRange     '1.29.0-alpha-dec-15-2022',
101 silly addNameRange     '1.29.0-alpha-1671074593000',
101 silly addNameRange     '1.29.0-beta-1671131879000',
101 silly addNameRange     '1.30.0-alpha-dec-16-2022',
101 silly addNameRange     '1.29.0-beta-1671211175000',
101 silly addNameRange     '1.29.0-beta-1671211191000',
101 silly addNameRange     '1.29.0-beta-1671212933000',
101 silly addNameRange     '1.29.0-beta-1671212996000',
101 silly addNameRange     '1.29.0-beta-1671214600000',
101 silly addNameRange     '1.29.0-beta-1671218511000',
101 silly addNameRange     '1.29.0',
101 silly addNameRange     '1.30.0-alpha-dec-17-2022',
101 silly addNameRange     '1.30.0-alpha-dec-18-2022',
101 silly addNameRange     '1.30.0-alpha-dec-19-2022',
101 silly addNameRange     '1.29.0-beta-1671488624000',
101 silly addNameRange     '1.30.0-alpha-dec-20-2022',
101 silly addNameRange     '1.29.0-beta-1671554636000',
101 silly addNameRange     '1.29.0-beta-1671562759000',
101 silly addNameRange     '1.29.0-beta-1671569558000',
101 silly addNameRange     '1.29.0-beta-1671569601000',
101 silly addNameRange     '1.29.0-beta-1671569610000',
101 silly addNameRange     '1.29.0-beta-1671570437000',
101 silly addNameRange     '1.30.0-alpha-dec-21-2022',
101 silly addNameRange     '1.29.0-beta-1671647126000',
101 silly addNameRange     '1.29.0-beta-1671647145000',
101 silly addNameRange     '1.29.0-beta-1671650070000',
101 silly addNameRange     '1.29.1-beta-1671657572000',
101 silly addNameRange     '1.29.1',
101 silly addNameRange     '1.30.0-alpha-dec-22-2022',
101 silly addNameRange     '1.30.0-alpha-dec-23-2022',
101 silly addNameRange     '1.30.0-alpha-dec-24-2022',
101 silly addNameRange     '1.30.0-alpha-dec-25-2022',
101 silly addNameRange     '1.30.0-alpha-dec-26-2022',
101 silly addNameRange     '1.30.0-alpha-dec-27-2022',
101 silly addNameRange     '1.29.1-beta-1672169891000',
101 silly addNameRange     '1.30.0-alpha-dec-28-2022',
101 silly addNameRange     '1.30.0-alpha-dec-29-2022',
101 silly addNameRange     '1.30.0-alpha-dec-30-2022',
101 silly addNameRange     '1.30.0-alpha-dec-31-2022',
101 silly addNameRange     '1.30.0-alpha-jan-1-2023',
101 silly addNameRange     '1.30.0-alpha-jan-2-2023',
101 silly addNameRange     '1.29.1-beta-1672665461000',
101 silly addNameRange     '1.29.1-beta-1672665986000',
101 silly addNameRange     '1.30.0-alpha-jan-3-2023',
101 silly addNameRange     '1.29.1-beta-1672783485000',
101 silly addNameRange     '1.30.0-alpha-jan-4-2023',
101 silly addNameRange     '1.30.0-alpha-jan-5-2023',
101 silly addNameRange     '1.29.1-beta-1672962462000',
101 silly addNameRange     '1.30.0-alpha-jan-6-2023',
101 silly addNameRange     '1.29.2-beta-1672991382000',
101 silly addNameRange     '1.29.2',
101 silly addNameRange     '1.30.0-alpha-jan-7-2023',
101 silly addNameRange     '1.30.0-alpha-jan-8-2023',
101 silly addNameRange     '1.30.0-alpha-jan-9-2023',
101 silly addNameRange     '1.30.0-alpha-jan-10-2023',
101 silly addNameRange     '1.30.0-alpha-jan-11-2023',
101 silly addNameRange     '1.30.0-alpha-jan-12-2023',
101 silly addNameRange     '1.30.0-alpha-jan-14-2023',
101 silly addNameRange     '1.30.0-alpha-jan-15-2023',
101 silly addNameRange     '1.30.0-alpha-jan-16-2023',
101 silly addNameRange     '1.30.0-alpha-jan-17-2023',
101 silly addNameRange     '1.30.0-alpha-jan-18-2023',
101 silly addNameRange     '1.30.0-alpha-jan-19-2023',
101 silly addNameRange     '1.30.0-alpha-jan-20-2023',
101 silly addNameRange     '1.30.0-alpha-jan-21-2023',
101 silly addNameRange     '1.30.0-beta-1674267855000',
101 silly addNameRange     '1.30.0-beta-1674276599000',
101 silly addNameRange     '1.31.0-alpha-jan-22-2023',
101 silly addNameRange     '1.31.0-alpha-jan-23-2023',
101 silly addNameRange     '1.31.0-alpha-jan-24-2023',
101 silly addNameRange     '1.30.0-beta-1674594361000',
101 silly addNameRange     '1.31.0-alpha-jan-25-2023',
101 silly addNameRange     '1.30.0',
101 silly addNameRange     '1.31.0-alpha-jan-26-2023',
101 silly addNameRange     '1.31.0-alpha-1674768085000',
101 silly addNameRange     '1.31.0-alpha-jan-27-2023',
101 silly addNameRange     '1.31.0-alpha-jan-28-2023',
101 silly addNameRange     '1.31.0-alpha-jan-29-2023',
101 silly addNameRange     '1.31.0-alpha-jan-30-2023',
101 silly addNameRange     '1.31.0-alpha-jan-31-2023',
101 silly addNameRange     '1.31.0-alpha-feb-1-2023',
101 silly addNameRange     '1.31.0-alpha-feb-2-2023',
101 silly addNameRange     '1.31.0-alpha-feb-3-2023',
101 silly addNameRange     '1.31.0-alpha-feb-4-2023',
101 silly addNameRange     '1.31.0-alpha-feb-5-2023',
101 silly addNameRange     '1.31.0-alpha-feb-6-2023',
101 silly addNameRange     '1.31.0-alpha-feb-7-2023',
101 silly addNameRange     '1.31.0-alpha-feb-8-2023',
101 silly addNameRange     '1.31.0-alpha-feb-9-2023',
101 silly addNameRange     '1.31.0-alpha-feb-10-2023',
101 silly addNameRange     '1.31.0-alpha-feb-11-2023',
101 silly addNameRange     '1.31.0-alpha-feb-12-2023',
101 silly addNameRange     '1.31.0-alpha-feb-13-2023',
101 silly addNameRange     '1.31.0-alpha-feb-14-2023',
101 silly addNameRange     '1.31.0-alpha-feb-15-2023',
101 silly addNameRange     '1.31.0-beta-1676493483000',
101 silly addNameRange     '1.32.0-alpha-feb-16-2023',
101 silly addNameRange     '1.31.0-beta-1676510409000',
101 silly addNameRange     '1.31.0-beta-1676564309000',
101 silly addNameRange     '1.31.0-beta-1676574175000',
101 silly addNameRange     '1.31.0-beta-1676584193000',
101 silly addNameRange     '1.31.0-beta-1676591072000',
101 silly addNameRange     '1.32.0-alpha-feb-17-2023',
101 silly addNameRange     '1.31.0-beta-1676596096000',
101 silly addNameRange     '1.31.0-beta-1676599897000',
101 silly addNameRange     '1.31.0-beta-1676605905000',
101 silly addNameRange     '1.31.0-beta-1676665251000',
101 silly addNameRange     '1.32.0-alpha-feb-18-2023',
101 silly addNameRange     '1.31.0-beta-1676685153000',
101 silly addNameRange     '1.32.0-alpha-feb-19-2023',
101 silly addNameRange     '1.32.0-alpha-feb-20-2023',
101 silly addNameRange     '1.31.0-beta-1676906983000',
101 silly addNameRange     '1.32.0-alpha-feb-21-2023',
101 silly addNameRange     '1.31.0-beta-1677002140000',
101 silly addNameRange     '1.31.0-beta-1677004566000',
101 silly addNameRange     '1.31.0',
101 silly addNameRange     '1.32.0-alpha-feb-22-2023',
101 silly addNameRange     '1.31.0-beta-1677106959000',
101 silly addNameRange     '1.31.0-beta-1677110728000',
101 silly addNameRange     '1.32.0-alpha-feb-23-2023',
101 silly addNameRange     '1.31.1-beta-1677121302000',
101 silly addNameRange     '1.31.1',
101 silly addNameRange     '1.31.1-beta-1677192045000',
101 silly addNameRange     '1.32.0-alpha-feb-24-2023',
101 silly addNameRange     '1.32.0-alpha-feb-25-2023',
101 silly addNameRange     '1.32.0-alpha-feb-26-2023',
101 silly addNameRange     '1.32.0-alpha-feb-27-2023',
101 silly addNameRange     '1.32.0-alpha-feb-28-2023',
101 silly addNameRange     '1.31.1-beta-1677552113000',
101 silly addNameRange     '1.32.0-alpha-mar-1-2023',
101 silly addNameRange     '1.32.0-alpha-1677632926000',
101 silly addNameRange     '1.32.0-alpha-1677690983000',
101 silly addNameRange     '1.31.1-beta-1677701932000',
101 silly addNameRange     '1.31.1-beta-1677704149000',
101 silly addNameRange     '1.31.1-beta-1677707236000',
101 silly addNameRange     '1.32.0-alpha-mar-2-2023',
101 silly addNameRange     '1.31.1-beta-1677717762000',
101 silly addNameRange     '1.31.1-beta-1677726071000',
101 silly addNameRange     '1.31.2-beta-1677779003000',
101 silly addNameRange     '1.31.2',
101 silly addNameRange     '1.32.0-alpha-mar-3-2023',
101 silly addNameRange     '1.32.0-alpha-mar-4-2023',
101 silly addNameRange     '1.32.0-alpha-mar-5-2023',
101 silly addNameRange     '1.32.0-alpha-mar-6-2023',
101 silly addNameRange     '1.32.0-alpha-mar-7-2023',
101 silly addNameRange     '1.31.2-beta-1678209524000',
101 silly addNameRange     '1.32.0-alpha-mar-8-2023',
101 silly addNameRange     '1.32.0-alpha-mar-9-2023',
101 silly addNameRange     '1.32.0-alpha-1678387519000',
101 silly addNameRange     '1.32.0-alpha-mar-10-2023',
101 silly addNameRange     '1.32.0-alpha-mar-11-2023',
101 silly addNameRange     '1.32.0-alpha-mar-12-2023',
101 silly addNameRange     '1.32.0-alpha-mar-13-2023',
101 silly addNameRange     '1.32.0-alpha-mar-14-2023',
101 silly addNameRange     '1.32.0-alpha-mar-15-2023',
101 silly addNameRange     '1.32.0-alpha-mar-16-2023',
101 silly addNameRange     '1.32.0-alpha-mar-17-2023',
101 silly addNameRange     '1.32.0-alpha-1679083379000',
101 silly addNameRange     '1.32.0-alpha-mar-18-2023',
101 silly addNameRange     '1.32.0-beta-1679101708000',
101 silly addNameRange     '1.32.0-beta-1679111215000',
101 silly addNameRange     '1.32.0-beta-1679114315000',
101 silly addNameRange     '1.33.0-alpha-mar-19-2023',
101 silly addNameRange     '1.32.0-beta-1679253051000',
101 silly addNameRange     '1.32.0-beta-1679262655000',
101 silly addNameRange     '1.33.0-alpha-mar-20-2023',
101 silly addNameRange     '1.32.0-beta-1679286098000',
101 silly addNameRange     '1.32.0-beta-1679291620000',
101 silly addNameRange     '1.32.0-beta-1679336162000',
101 silly addNameRange     '1.32.0-beta-1679336170000',
101 silly addNameRange     '1.32.0-beta-1679348958000',
101 silly addNameRange     '1.32.0-beta-1679357626000',
101 silly addNameRange     '1.33.0-alpha-mar-21-2023',
101 silly addNameRange     '1.32.0-beta-1679372723000',
101 silly addNameRange     '1.32.0-beta-1679372796000',
101 silly addNameRange     '1.32.0-beta-1679414990000',
101 silly addNameRange     '1.32.0-beta-1679418399000',
101 silly addNameRange     '1.32.0-beta-1679425453000',
101 silly addNameRange     '1.32.0-beta-1679426066000',
101 silly addNameRange     '1.32.0-beta-1679431787000',
101 silly addNameRange     '1.32.0-beta-1679432989000',
101 silly addNameRange     '1.33.0-alpha-mar-22-2023',
101 silly addNameRange     '1.32.0-beta-1679448099000',
101 silly addNameRange     '1.32.0-beta-1679515780000',
101 silly addNameRange     '1.32.0-beta-1679515837000',
101 silly addNameRange     '1.32.0-beta-1679517005000',
101 silly addNameRange     '1.32.0',
101 silly addNameRange     '1.33.0-alpha-mar-23-2023',
101 silly addNameRange     '1.32.0-beta-1679596316000',
101 silly addNameRange     '1.32.0-beta-1679601059000',
101 silly addNameRange     '1.32.0-beta-1679604230000',
101 silly addNameRange     '1.33.0-alpha-1679605230000',
101 silly addNameRange     '1.32.0-beta-1679611698000',
101 silly addNameRange     '1.33.0-alpha-mar-24-2023',
101 silly addNameRange     '1.32.0-beta-1679686655000',
101 silly addNameRange     '1.32.1-beta-1679703607000',
101 silly addNameRange     '1.33.0-alpha-mar-25-2023',
101 silly addNameRange     '1.32.1-beta-1679716636000',
101 silly addNameRange     '1.32.1',
101 silly addNameRange     '1.33.0-alpha-mar-26-2023',
101 silly addNameRange     '1.33.0-alpha-mar-27-2023',
101 silly addNameRange     '1.33.0-alpha-mar-28-2023',
101 silly addNameRange     '1.32.1-beta-1680043855000',
101 silly addNameRange     '1.33.0-alpha-mar-29-2023',
101 silly addNameRange     '1.33.0-alpha-mar-30-2023',
101 silly addNameRange     '1.33.0-alpha-mar-31-2023',
101 silly addNameRange     '1.32.1-beta-1680295120000',
101 silly addNameRange     '1.33.0-alpha-apr-1-2023',
101 silly addNameRange     '1.32.1-beta-1680310452000',
101 silly addNameRange     '1.33.0-alpha-apr-2-2023',
101 silly addNameRange     '1.33.0-alpha-apr-3-2023',
101 silly addNameRange     '1.32.2-beta-1680553379000',
101 silly addNameRange     '1.32.2',
101 silly addNameRange     '1.33.0-alpha-apr-4-2023',
101 silly addNameRange     '1.32.2-beta-1680637207000',
101 silly addNameRange     '1.33.0-alpha-apr-5-2023',
101 silly addNameRange     '1.32.2-beta-1680712603000',
101 silly addNameRange     '1.33.0-alpha-apr-6-2023',
101 silly addNameRange     '1.33.0-alpha-1680774768000',
101 silly addNameRange     '1.33.0-alpha-apr-7-2023',
101 silly addNameRange     '1.33.0-alpha-apr-8-2023',
101 silly addNameRange     '1.33.0-alpha-apr-9-2023',
101 silly addNameRange     '1.33.0-alpha-apr-10-2023',
101 silly addNameRange     '1.33.0-alpha-apr-11-2023',
101 silly addNameRange     '1.32.2-beta-1681174224000',
101 silly addNameRange     '1.32.3-beta-1681174265000',
101 silly addNameRange     '1.32.3',
101 silly addNameRange     '1.33.0-alpha-apr-12-2023',
101 silly addNameRange     '1.33.0-alpha-apr-13-2023',
101 silly addNameRange     '1.33.0-alpha-apr-14-2023',
101 silly addNameRange     '1.33.0-alpha-apr-15-2023',
101 silly addNameRange     '1.33.0-alpha-apr-16-2023',
101 silly addNameRange     '1.33.0-alpha-apr-17-2023',
101 silly addNameRange     '1.33.0-alpha-apr-18-2023',
101 silly addNameRange     '1.33.0-alpha-apr-20-2023',
101 silly addNameRange     '1.33.0-alpha-1681999635000',
101 silly addNameRange     '1.33.0-alpha-apr-21-2023',
101 silly addNameRange     '1.33.0-alpha-apr-22-2023',
101 silly addNameRange     '1.33.0-alpha-apr-23-2023',
101 silly addNameRange     '1.33.0-alpha-apr-24-2023',
101 silly addNameRange     '1.33.0-beta-1682341974000',
101 silly addNameRange     '1.33.0-beta-1682374575000',
101 silly addNameRange     '1.34.0-alpha-apr-25-2023',
101 silly addNameRange     '1.33.0-beta-1682447195000',
101 silly addNameRange     '1.34.0-alpha-apr-26-2023',
101 silly addNameRange     '1.33.0-beta-1682539376000',
101 silly addNameRange     '1.33.0-beta-1682539628000',
101 silly addNameRange     '1.33.0-beta-1682548529000',
101 silly addNameRange     '1.34.0-alpha-apr-27-2023',
101 silly addNameRange     '1.33.0-beta-1682558779000',
101 silly addNameRange     '1.33.0',
101 silly addNameRange     '1.34.0-alpha-apr-28-2023',
101 silly addNameRange     '1.34.0-alpha-apr-29-2023',
101 silly addNameRange     '1.34.0-alpha-apr-30-2023',
101 silly addNameRange     '1.34.0-alpha-may-1-2023',
101 silly addNameRange     '1.34.0-alpha-may-2-2023',
101 silly addNameRange     '1.33.0-beta-1683051601000',
101 silly addNameRange     '1.33.0-beta-1683060826000',
101 silly addNameRange     '1.34.0-alpha-may-3-2023',
101 silly addNameRange     '1.33.0-beta-1683119120000',
101 silly addNameRange     '1.34.0-alpha-may-4-2023',
101 silly addNameRange     '1.34.0-alpha-may-5-2023',
101 silly addNameRange     '1.33.0-beta-1683324077000',
101 silly addNameRange     '1.34.0-alpha-may-6-2023',
101 silly addNameRange     '1.34.0-alpha-may-7-2023',
101 silly addNameRange     '1.34.0-alpha-may-8-2023',
101 silly addNameRange     '1.34.0-alpha-may-9-2023',
101 silly addNameRange     '1.34.0-alpha-may-10-2023',
101 silly addNameRange     '1.34.0-alpha-may-11-2023',
101 silly addNameRange     '1.34.0-alpha-may-12-2023',
101 silly addNameRange     '1.34.0-alpha-1683908764000',
101 silly addNameRange     '1.34.0-alpha-may-13-2023',
101 silly addNameRange     '1.34.0-alpha-may-14-2023',
101 silly addNameRange     '1.34.0-alpha-may-15-2023',
101 silly addNameRange     '1.34.0-alpha-1684179977000',
101 silly addNameRange     '1.34.0-alpha-may-16-2023',
101 silly addNameRange     '1.34.0-alpha-may-17-2023',
101 silly addNameRange     '1.34.0-alpha-may-18-2023',
101 silly addNameRange     '1.34.0-beta-1684375055000',
101 silly addNameRange     '1.34.0-beta-1684420091000',
101 silly addNameRange     '1.34.0-beta-1684434956000',
101 silly addNameRange     '1.34.0-beta-1684435798000',
101 silly addNameRange     '1.34.0-beta-1684447150000',
101 silly addNameRange     '1.34.0-beta-1684447479000',
101 silly addNameRange     '1.34.0-beta-1684450440000',
101 silly addNameRange     '1.35.0-alpha-may-19-2023',
101 silly addNameRange     '1.34.0-beta-1684518179000',
101 silly addNameRange     '1.34.0-beta-1684519693000',
101 silly addNameRange     '1.34.0-beta-1684534842000',
101 silly addNameRange     '1.35.0-alpha-may-20-2023',
101 silly addNameRange     '1.34.0-beta-1684542490000',
101 silly addNameRange     '1.34.0',
101 silly addNameRange     '1.35.0-alpha-may-21-2023',
101 silly addNameRange     '1.35.0-alpha-may-22-2023',
101 silly addNameRange     '1.34.0-beta-1684784303000',
101 silly addNameRange     '1.34.0-beta-1684795219000',
101 silly addNameRange     '1.34.0-beta-1684799046000',
101 silly addNameRange     '1.35.0-alpha-may-23-2023',
101 silly addNameRange     '1.34.1-beta-1684812068000',
101 silly addNameRange     '1.34.1',
101 silly addNameRange     '1.34.1-beta-1684870423000',
101 silly addNameRange     '1.34.2-beta-1684875341000',
101 silly addNameRange     '1.34.2',
101 silly addNameRange     '1.35.0-alpha-may-24-2023',
101 silly addNameRange     '1.34.2-beta-1684956029000',
101 silly addNameRange     '1.34.2-beta-1684966845000',
101 silly addNameRange     '1.34.3-beta-1684969624000',
101 silly addNameRange     '1.34.3',
101 silly addNameRange     '1.35.0-alpha-may-25-2023',
101 silly addNameRange     '1.35.0-alpha-1685046878000',
101 silly addNameRange     '1.35.0-alpha-may-26-2023',
101 silly addNameRange     '1.35.0-alpha-1685109821000',
101 silly addNameRange     '1.34.3-beta-1685124745000',
101 silly addNameRange     '1.35.0-alpha-may-27-2023',
101 silly addNameRange     '1.35.0-alpha-may-28-2023',
101 silly addNameRange     '1.35.0-alpha-may-29-2023',
101 silly addNameRange     '1.35.0-alpha-may-30-2023',
101 silly addNameRange     '1.35.0-alpha-may-31-2023',
101 silly addNameRange     '1.35.0-alpha-jun-1-2023',
101 silly addNameRange     '1.35.0-alpha-jun-2-2023',
101 silly addNameRange     '1.35.0-alpha-jun-3-2023',
101 silly addNameRange     '1.35.0-alpha-jun-4-2023',
101 silly addNameRange     '1.35.0-alpha-1685749070000',
101 silly addNameRange     '1.35.0-alpha-jun-5-2023',
101 silly addNameRange     '1.35.0-alpha-jun-6-2023',
101 silly addNameRange     '1.35.0-alpha-jun-7-2023',
101 silly addNameRange     '1.35.0-beta-1686166896000',
101 silly addNameRange     '1.36.0-alpha-jun-8-2023',
101 silly addNameRange     '1.35.0-beta-1686201102000',
101 silly addNameRange     '1.35.0-beta-1686247644000',
101 silly addNameRange     '1.35.0-beta-1686262403000',
101 silly addNameRange     '1.35.0-beta-1686262846000',
101 silly addNameRange     '1.35.0',
101 silly addNameRange     '1.36.0-alpha-jun-9-2023',
101 silly addNameRange     '1.35.0-beta-1686326938000',
101 silly addNameRange     '1.36.0-alpha-jun-10-2023',
101 silly addNameRange     '1.36.0-alpha-jun-11-2023',
101 silly addNameRange     '1.36.0-alpha-jun-12-2023',
101 silly addNameRange     '1.35.0-beta-1686593312000',
101 silly addNameRange     '1.35.0-beta-1686615969000',
101 silly addNameRange     '1.36.0-alpha-jun-13-2023',
101 silly addNameRange     '1.36.0-alpha-jun-14-2023',
101 silly addNameRange     '1.35.0-beta-1686729081000',
101 silly addNameRange     '1.36.0-alpha-1686749586000',
101 silly addNameRange     '1.35.0-beta-1686760675000',
101 silly addNameRange     '1.35.0-beta-1686781587000',
101 silly addNameRange     '1.35.1-beta-1686781654000',
101 silly addNameRange     '1.36.0-alpha-1686787839000',
101 silly addNameRange     '1.36.0-alpha-jun-15-2023',
101 silly addNameRange     '1.35.1',
101 silly addNameRange     '1.36.0-alpha-jun-16-2023',
101 silly addNameRange     '1.36.0-alpha-1686940815000',
101 silly addNameRange     '1.36.0-alpha-jun-17-2023',
101 silly addNameRange     '1.36.0-alpha-jun-18-2023',
101 silly addNameRange     '1.36.0-alpha-jun-19-2023',
101 silly addNameRange     '1.36.0-alpha-jun-20-2023',
101 silly addNameRange     '1.36.0-alpha-jun-21-2023',
101 silly addNameRange     '1.36.0-alpha-jun-22-2023',
101 silly addNameRange     '1.36.0-alpha-jun-23-2023',
101 silly addNameRange     '1.36.0-alpha-jun-24-2023',
101 silly addNameRange     '1.36.0-alpha-jun-25-2023',
101 silly addNameRange     '1.36.0-alpha-jun-26-2023',
101 silly addNameRange     '1.36.0-alpha-jun-27-2023',
101 silly addNameRange     '1.36.0-alpha-jun-28-2023',
101 silly addNameRange     '1.36.0-alpha-jun-30-2023',
101 silly addNameRange     '1.36.0-alpha-jul-1-2023',
101 silly addNameRange     '1.36.0-alpha-jul-2-2023',
101 silly addNameRange     '1.36.0-alpha-jul-3-2023',
101 silly addNameRange     '1.36.0-alpha-jul-4-2023',
101 silly addNameRange     '1.36.0-alpha-jul-5-2023',
101 silly addNameRange     '1.36.0-alpha-jul-6-2023',
101 silly addNameRange     '1.36.0-alpha-jul-7-2023',
101 silly addNameRange     '1.36.0-beta-1688741463000',
101 silly addNameRange     '1.37.0-alpha-jul-8-2023',
101 silly addNameRange     '1.37.0-alpha-jul-9-2023',
101 silly addNameRange     '1.37.0-alpha-jul-10-2023',
101 silly addNameRange     '1.36.0-beta-1689001890000',
101 silly addNameRange     '1.36.0-beta-1689009916000',
101 silly addNameRange     '1.36.0-beta-1689010164000',
101 silly addNameRange     '1.36.0-beta-1689015563000',
101 silly addNameRange     '1.36.0-beta-1689015697000',
101 silly addNameRange     '1.37.0-alpha-jul-11-2023',
101 silly addNameRange     '1.36.0-beta-1689052257000',
101 silly addNameRange     '1.36.0',
101 silly addNameRange     '1.37.0-alpha-jul-12-2023',
101 silly addNameRange     '1.37.0-alpha-jul-13-2023',
101 silly addNameRange     '1.37.0-alpha-jul-14-2023',
101 silly addNameRange     '1.36.0-beta-1689341628000',
101 silly addNameRange     '1.36.1-beta-1689345582000',
101 silly addNameRange     '1.36.1',
101 silly addNameRange     '1.37.0-alpha-jul-15-2023',
101 silly addNameRange     '1.37.0-alpha-jul-16-2023',
101 silly addNameRange     '1.37.0-alpha-jul-17-2023',
101 silly addNameRange     '1.37.0-alpha-jul-18-2023',
101 silly addNameRange     '1.37.0-alpha-jul-19-2023',
101 silly addNameRange     '1.37.0-alpha-1689796912000',
101 silly addNameRange     '1.37.0-alpha-jul-20-2023',
101 silly addNameRange     '1.37.0-alpha-jul-21-2023',
101 silly addNameRange     '1.37.0-alpha-jul-22-2023',
101 silly addNameRange     '1.37.0-alpha-jul-23-2023',
101 silly addNameRange     '1.37.0-alpha-jul-24-2023',
101 silly addNameRange     '1.36.1-beta-1690219922000',
101 silly addNameRange     '1.36.2-beta-1690220597000',
101 silly addNameRange     '1.37.0-alpha-jul-25-2023',
101 silly addNameRange     '1.36.2',
101 silly addNameRange     '1.37.0-alpha-jul-26-2023',
101 silly addNameRange     '1.37.0-alpha-jul-27-2023',
101 silly addNameRange     '1.37.0-alpha-jul-28-2023',
101 silly addNameRange     '1.37.0-alpha-jul-29-2023',
101 silly addNameRange     '1.37.0-alpha-jul-30-2023',
101 silly addNameRange     '1.37.0-alpha-jul-31-2023',
101 silly addNameRange     '1.37.0-alpha-aug-1-2023',
101 silly addNameRange     '1.37.0-alpha-aug-2-2023',
101 silly addNameRange     '1.37.0-alpha-aug-3-2023',
101 silly addNameRange     '1.37.0-alpha-aug-4-2023',
101 silly addNameRange     '1.37.0-alpha-aug-5-2023',
101 silly addNameRange     '1.37.0-alpha-1691266659000',
101 silly addNameRange     '1.37.0-alpha-aug-6-2023',
101 silly addNameRange     '1.37.0-alpha-aug-7-2023',
101 silly addNameRange     '1.37.0-alpha-1691443998000',
101 silly addNameRange     '1.37.0-alpha-aug-8-2023',
101 silly addNameRange     '1.37.0-alpha-aug-9-2023',
101 silly addNameRange     '1.37.0-beta-1691560236000',
101 silly addNameRange     '1.37.0-beta-1691608677000',
101 silly addNameRange     '1.37.0-beta-1691620268000',
101 silly addNameRange     '1.37.0-beta-1691627113000',
101 silly addNameRange     '1.38.0-alpha-aug-10-2023',
101 silly addNameRange     '1.37.0-beta-1691677119000',
101 silly addNameRange     '1.37.0-beta-1691701681000',
101 silly addNameRange     '1.37.0-beta-1691704175000',
101 silly addNameRange     '1.37.0-beta-1691706925000',
101 silly addNameRange     '1.37.0',
101 silly addNameRange     '1.38.0-alpha-aug-11-2023',
101 silly addNameRange     '1.38.0-beta-1691778350000',
101 silly addNameRange     '1.37.0-beta-1691779052000',
101 silly addNameRange     '1.38.0-alpha-aug-12-2023',
101 silly addNameRange     '1.38.0-alpha-aug-13-2023',
101 silly addNameRange     '1.38.0-alpha-aug-14-2023',
101 silly addNameRange     '1.37.0-beta-1692005673000',
101 silly addNameRange     '1.37.0-beta-1692021641000',
101 silly addNameRange     '1.37.0-beta-1692022316000',
101 silly addNameRange     '1.37.0-beta-1692053004000',
101 silly addNameRange     '1.37.0-beta-1692055177000',
101 silly addNameRange     '1.38.0-alpha-aug-15-2023',
101 silly addNameRange     '1.38.0-alpha-aug-16-2023',
101 silly addNameRange     '1.37.0-beta-1692218405000',
101 silly addNameRange     '1.38.0-alpha-aug-17-2023',
101 silly addNameRange     '1.38.0-alpha-1692262648000',
101 silly addNameRange     '1.38.0-alpha-1692290219000',
101 silly addNameRange     '1.38.0-alpha-1692292098000',
101 silly addNameRange     '1.37.1-beta-1692303459000',
101 silly addNameRange     '1.37.1',
101 silly addNameRange     '1.38.0-alpha-aug-18-2023',
101 silly addNameRange     '1.38.0-alpha-1692320133000',
101 silly addNameRange     '1.37.1-beta-1692381606000',
101 silly addNameRange     '1.38.0-alpha-aug-19-2023',
101 silly addNameRange     '1.38.0-alpha-aug-20-2023',
101 silly addNameRange     '1.38.0-alpha-aug-21-2023',
101 silly addNameRange     '1.38.0-alpha-1692636622000',
101 silly addNameRange     '1.38.0-alpha-aug-22-2023',
101 silly addNameRange     '1.38.0-alpha-1692720102000',
101 silly addNameRange     '1.38.0-alpha-aug-23-2023',
101 silly addNameRange     '1.38.0-alpha-1692826278000',
101 silly addNameRange     '1.38.0-alpha-aug-24-2023',
101 silly addNameRange     '1.38.0-alpha-aug-25-2023',
101 silly addNameRange     '1.38.0-alpha-aug-26-2023',
101 silly addNameRange     '1.38.0-alpha-aug-27-2023',
101 silly addNameRange     '1.38.0-alpha-aug-28-2023',
101 silly addNameRange     '1.38.0-alpha-1693251770000',
101 silly addNameRange     '1.38.0-alpha-aug-29-2023',
101 silly addNameRange     '1.38.0-alpha-aug-30-2023',
101 silly addNameRange     '1.38.0-alpha-aug-31-2023',
101 silly addNameRange     '1.38.0-alpha-sep-1-2023',
101 silly addNameRange     '1.38.0-alpha-sep-2-2023',
101 silly addNameRange     '1.38.0-alpha-sep-3-2023',
101 silly addNameRange     '1.38.0-alpha-sep-4-2023',
101 silly addNameRange     '1.38.0-alpha-sep-5-2023',
101 silly addNameRange     '1.38.0-alpha-sep-6-2023',
101 silly addNameRange     '1.38.0-alpha-sep-7-2023',
101 silly addNameRange     '1.38.0-alpha-sep-8-2023',
101 silly addNameRange     '1.38.0-alpha-sep-9-2023',
101 silly addNameRange     '1.38.0-alpha-sep-10-2023',
101 silly addNameRange     '1.38.0-alpha-sep-11-2023',
101 silly addNameRange     '1.38.0-alpha-sep-12-2023',
101 silly addNameRange     '1.38.0-beta-1694481362000',
101 silly addNameRange     '1.38.0-beta-1694481542000',
101 silly addNameRange     '1.38.0-beta-1694484181000',
101 silly addNameRange     '1.39.0-alpha-sep-13-2023',
101 silly addNameRange     '1.38.0-beta-1694609184000',
101 silly addNameRange     '1.38.0-beta-1694622530000',
101 silly addNameRange     '1.38.0-beta-1694630302000',
101 silly addNameRange     '1.38.0-beta-1694630350000',
101 silly addNameRange     '1.38.0-beta-1694645757000',
101 silly addNameRange     '1.38.0',
101 silly addNameRange     '1.39.0-alpha-sep-14-2023',
101 silly addNameRange     '1.38.0-beta-1694724379000',
101 silly addNameRange     '1.38.0-beta-1694737022000',
101 silly addNameRange     '1.39.0-alpha-sep-15-2023',
101 silly addNameRange     '1.38.0-beta-1694752409000',
101 silly addNameRange     '1.39.0-alpha-1694746830000',
101 silly addNameRange     '1.38.0-beta-1694795199000',
101 silly addNameRange     '1.38.0-beta-1694799093000',
101 silly addNameRange     '1.38.0-beta-1694800048000',
101 silly addNameRange     '1.39.0-alpha-sep-16-2023',
101 silly addNameRange     '1.39.0-alpha-sep-17-2023',
101 silly addNameRange     '1.39.0-alpha-sep-18-2023',
101 silly addNameRange     '1.39.0-alpha-sep-19-2023',
101 silly addNameRange     '1.38.0-beta-1695084020000',
101 silly addNameRange     '1.38.0-beta-1695162431000',
101 silly addNameRange     '1.39.0-alpha-sep-20-2023',
101 silly addNameRange     '1.38.0-beta-1695182347000',
101 silly addNameRange     '1.39.0-alpha-sep-21-2023',
101 silly addNameRange     '1.38.0-beta-1695261931000',
101 silly addNameRange     '1.38.1-beta-1695325114000',
101 silly addNameRange     '1.38.1',
101 silly addNameRange     '1.39.0-alpha-sep-22-2023',
101 silly addNameRange     '1.39.0-alpha-sep-23-2023',
101 silly addNameRange     '1.39.0-alpha-sep-24-2023',
101 silly addNameRange     '1.39.0-alpha-sep-25-2023',
101 silly addNameRange     '1.39.0-alpha-sep-26-2023',
101 silly addNameRange     '1.39.0-alpha-sep-27-2023',
101 silly addNameRange     '1.39.0-alpha-sep-28-2023',
101 silly addNameRange     '1.39.0-alpha-sep-29-2023',
101 silly addNameRange     '1.39.0-alpha-sep-30-2023',
101 silly addNameRange     '1.39.0-alpha-oct-1-2023',
101 silly addNameRange     '1.39.0-alpha-oct-2-2023',
101 silly addNameRange     '1.39.0-alpha-oct-3-2023',
101 silly addNameRange     '1.39.0-alpha-oct-4-2023',
101 silly addNameRange     '1.39.0-alpha-oct-5-2023',
101 silly addNameRange     '1.39.0-alpha-1696536018000',
101 silly addNameRange     '1.39.0-alpha-1696547902000',
101 silly addNameRange     '1.39.0-alpha-oct-6-2023',
101 silly addNameRange     '1.39.0-alpha-oct-7-2023',
101 silly addNameRange     '1.39.0-alpha-oct-8-2023',
101 silly addNameRange     '1.39.0-alpha-oct-9-2023',
101 silly addNameRange     '1.39.0-alpha-oct-10-2023',
101 silly addNameRange     '1.39.0-beta-1696976263000',
101 silly addNameRange     '1.40.0-alpha-oct-11-2023',
101 silly addNameRange     '1.39.0-beta-1697047150000',
101 silly addNameRange     '1.39.0-beta-1697048429000',
101 silly addNameRange     '1.39.0-beta-1697057899000',
101 silly addNameRange     '1.39.0',
101 silly addNameRange     '1.40.0-alpha-oct-12-2023',
101 silly addNameRange     '1.39.0-beta-1697093675000',
101 silly addNameRange     '1.40.0-alpha-oct-13-2023',
101 silly addNameRange     '1.40.0-alpha-oct-14-2023',
101 silly addNameRange     '1.40.0-alpha-oct-15-2023',
101 silly addNameRange     '1.40.0-alpha-oct-16-2023',
101 silly addNameRange     '1.40.0-alpha-oct-17-2023',
101 silly addNameRange     '1.39.0-beta-1697575425000',
101 silly addNameRange     '1.40.0-alpha-oct-18-2023',
101 silly addNameRange     '1.39.0-beta-1697610523000',
101 silly addNameRange     '1.40.0-alpha-oct-19-2023',
101 silly addNameRange     '1.40.0-alpha-oct-20-2023',
101 silly addNameRange     '1.40.0-alpha-oct-21-2023',
101 silly addNameRange     '1.40.0-alpha-oct-22-2023',
101 silly addNameRange     '1.40.0-alpha-oct-23-2023',
101 silly addNameRange     '1.40.0-alpha-oct-24-2023',
101 silly addNameRange     '1.40.0-alpha-oct-25-2023',
101 silly addNameRange     '1.40.0-alpha-oct-26-2023',
101 silly addNameRange     '1.40.0-alpha-oct-27-2023',
101 silly addNameRange     '1.40.0-alpha-oct-28-2023',
101 silly addNameRange     '1.40.0-alpha-oct-29-2023',
101 silly addNameRange     '1.40.0-alpha-oct-30-2023',
101 silly addNameRange     '1.40.0-alpha-1698689075000',
101 silly addNameRange     '1.40.0-alpha-1698699804000',
101 silly addNameRange     '1.40.0-alpha-oct-31-2023',
101 silly addNameRange     '1.40.0-alpha-nov-1-2023',
101 silly addNameRange     '1.40.0-alpha-nov-2-2023',
101 silly addNameRange     '1.40.0-alpha-nov-3-2023',
101 silly addNameRange     '1.40.0-alpha-nov-4-2023',
101 silly addNameRange     '1.40.0-alpha-nov-5-2023',
101 silly addNameRange     '1.40.0-alpha-nov-6-2023',
101 silly addNameRange     '1.40.0-alpha-nov-7-2023',
101 silly addNameRange     '1.40.0-alpha-nov-8-2023',
101 silly addNameRange     '1.40.0-alpha-nov-9-2023',
101 silly addNameRange     '1.40.0-alpha-nov-10-2023',
101 silly addNameRange     '1.40.0-alpha-nov-11-2023',
101 silly addNameRange     '1.40.0-alpha-nov-12-2023',
101 silly addNameRange     '1.40.0-alpha-nov-13-2023',
101 silly addNameRange     '1.40.0-alpha-nov-14-2023',
101 silly addNameRange     '1.40.0-alpha-1699985898000',
101 silly addNameRange     '1.40.0-alpha-nov-15-2023',
101 silly addNameRange     '1.40.0-alpha-nov-16-2023',
101 silly addNameRange     '1.40.0-beta-1700102862000',
101 silly addNameRange     '1.40.0-beta-1700166666000',
101 silly addNameRange     '1.40.0-beta-1700170201000',
101 silly addNameRange     '1.40.0',
101 silly addNameRange     '1.41.0-alpha-nov-17-2023',
101 silly addNameRange     '1.41.0-alpha-nov-18-2023',
101 silly addNameRange     '1.41.0-alpha-nov-19-2023',
101 silly addNameRange     '1.41.0-alpha-nov-20-2023',
101 silly addNameRange     '1.40.0-beta-1700513314000',
101 silly addNameRange     '1.41.0-alpha-nov-21-2023',
101 silly addNameRange     '1.40.0-beta-1700587201000',
101 silly addNameRange     '1.40.0-beta-1700587209000',
101 silly addNameRange     '1.41.0-alpha-nov-22-2023',
101 silly addNameRange     '1.40.0-beta-1700679359000',
101 silly addNameRange     '1.41.0-alpha-nov-23-2023',
101 silly addNameRange     '1.40.0-beta-1700745654000',
101 silly addNameRange     '1.41.0-alpha-nov-24-2023',
101 silly addNameRange     '1.41.0-alpha-nov-25-2023',
101 silly addNameRange     '1.41.0-alpha-nov-26-2023',
101 silly addNameRange     '1.41.0-alpha-nov-27-2023',
101 silly addNameRange     '1.41.0-alpha-nov-28-2023',
101 silly addNameRange     '1.40.0-beta-1701132322000',
101 silly addNameRange     '1.40.0-beta-1701140508000',
101 silly addNameRange     '1.40.0-beta-1701194655000',
101 silly addNameRange     '1.40.1-beta-1701197304000',
101 silly addNameRange     '1.40.1',
101 silly addNameRange     '1.41.0-alpha-nov-29-2023',
101 silly addNameRange     '1.41.0-alpha-1701898456000',
101 silly addNameRange     '1.40.1-beta-1701899580000',
101 silly addNameRange     '1.41.0-alpha-dec-7-2023',
101 silly addNameRange     '1.41.0-alpha-dec-8-2023',
101 silly addNameRange     '1.41.0-alpha-dec-9-2023',
101 silly addNameRange     '1.41.0-alpha-dec-10-2023',
101 silly addNameRange     '1.41.0-alpha-dec-11-2023',
101 silly addNameRange     '1.41.0-alpha-dec-12-2023',
101 silly addNameRange     '1.41.0-alpha-dec-13-2023',
101 silly addNameRange     '1.41.0-alpha-dec-14-2023',
101 silly addNameRange     '1.41.0-alpha-dec-15-2023',
101 silly addNameRange     '1.41.0-alpha-1702665650000',
101 silly addNameRange     '1.41.0-alpha-1702670966000',
101 silly addNameRange     '1.41.0-alpha-dec-16-2023',
101 silly addNameRange     '1.41.0-alpha-dec-17-2023',
101 silly addNameRange     '1.41.0-alpha-dec-18-2023',
101 silly addNameRange     '1.41.0-alpha-dec-19-2023',
101 silly addNameRange     '1.41.0-alpha-dec-20-2023',
101 silly addNameRange     '1.41.0-alpha-dec-21-2023',
101 silly addNameRange     '1.41.0-alpha-dec-22-2023',
101 silly addNameRange     '1.41.0-alpha-dec-23-2023',
101 silly addNameRange     '1.41.0-alpha-dec-24-2023',
101 silly addNameRange     '1.41.0-alpha-dec-25-2023',
101 silly addNameRange     '1.41.0-alpha-dec-26-2023',
101 silly addNameRange     '1.41.0-alpha-dec-27-2023',
101 silly addNameRange     '1.41.0-alpha-dec-28-2023',
101 silly addNameRange     '1.41.0-alpha-dec-29-2023',
101 silly addNameRange     '1.41.0-alpha-dec-30-2023',
101 silly addNameRange     '1.41.0-alpha-dec-31-2023',
101 silly addNameRange     '1.41.0-alpha-jan-1-2024',
101 silly addNameRange     '1.41.0-alpha-jan-2-2024',
101 silly addNameRange     '1.41.0-alpha-jan-3-2024',
101 silly addNameRange     '1.41.0-alpha-jan-4-2024',
101 silly addNameRange     '1.41.0-alpha-jan-5-2024',
101 silly addNameRange     '1.41.0-alpha-jan-6-2024',
101 silly addNameRange     '1.41.0-alpha-jan-7-2024',
101 silly addNameRange     '1.41.0-alpha-jan-8-2024',
101 silly addNameRange     '1.41.0-alpha-jan-9-2024',
101 silly addNameRange     '1.41.0-alpha-jan-10-2024',
101 silly addNameRange     '1.41.0-alpha-jan-11-2024',
101 silly addNameRange     '1.41.0-alpha-1704968142000',
101 silly addNameRange     '1.41.0-alpha-jan-12-2024',
101 silly addNameRange     '1.41.0-beta-1705092460000',
101 silly addNameRange     '1.41.0-beta-1705101589000',
101 silly addNameRange     '1.42.0-alpha-jan-13-2024',
101 silly addNameRange     '1.42.0-alpha-jan-14-2024',
101 silly addNameRange     '1.42.0-alpha-jan-15-2024',
101 silly addNameRange     '1.42.0-alpha-jan-16-2024',
101 silly addNameRange     '1.41.0-beta-1705429643000',
101 silly addNameRange     '1.41.0',
101 silly addNameRange     '1.42.0-alpha-jan-17-2024',
101 silly addNameRange     '1.41.0-beta-1705516904000',
101 silly addNameRange     '1.42.0-alpha-jan-18-2024',
101 silly addNameRange     '1.41.0-beta-1705568792000',
101 silly addNameRange     '1.41.0-beta-1705607048000',
101 silly addNameRange     '1.41.0-beta-1705691527000',
101 silly addNameRange     '1.41.0-beta-1705698523000',
101 silly addNameRange     '1.41.1-beta-1705705504000',
101 silly addNameRange     '1.41.1',
101 silly addNameRange     '1.41.1-beta-1706549589000',
101 silly addNameRange     '1.42.0-alpha-1706562895000',
101 silly addNameRange     '1.42.0-alpha-2024-01-30',
101 silly addNameRange     '1.42.0-alpha-2024-01-31',
101 silly addNameRange     '1.42.0-alpha-2024-02-01',
101 silly addNameRange     '1.41.1-beta-1706807510000',
101 silly addNameRange     '1.41.2-beta-1706815456000',
101 silly addNameRange     '1.41.2',
101 silly addNameRange     '1.42.0-alpha-2024-02-02',
101 silly addNameRange     '1.42.0-alpha-2024-02-03',
101 silly addNameRange     '1.42.0-alpha-2024-02-04',
101 silly addNameRange     '1.42.0-alpha-2024-02-05',
101 silly addNameRange     '1.42.0-alpha-2024-02-06',
101 silly addNameRange     '1.42.0-alpha-2024-02-07',
101 silly addNameRange     '1.42.0-alpha-2024-02-08',
101 silly addNameRange     '1.42.0-alpha-2024-02-09',
101 silly addNameRange     '1.42.0-alpha-2024-02-10',
101 silly addNameRange     '1.42.0-alpha-2024-02-11',
101 silly addNameRange     '1.42.0-alpha-2024-02-12',
101 silly addNameRange     '1.42.0-alpha-2024-02-13',
101 silly addNameRange     '1.42.0-alpha-1707816346000',
101 silly addNameRange     '1.42.0-alpha-2024-02-14',
101 silly addNameRange     '1.42.0-alpha-2024-02-15',
101 silly addNameRange     '1.42.0-alpha-1707967288000',
101 silly addNameRange     '1.42.0-alpha-2024-02-16',
101 silly addNameRange     '1.42.0-alpha-2024-02-17',
101 silly addNameRange     '1.42.0-alpha-1708140911000',
101 silly addNameRange     '1.42.0-alpha-2024-02-18',
101 silly addNameRange     '1.42.0-alpha-2024-02-19',
101 silly addNameRange     '1.42.0-alpha-2024-02-20',
101 silly addNameRange     '1.42.0-alpha-2024-02-21',
101 silly addNameRange     '1.42.0-beta-1708467899000',
101 silly addNameRange     '1.42.0-alpha-2024-02-22',
101 silly addNameRange     '1.42.0-alpha-2024-02-23',
101 silly addNameRange     '1.42.0-alpha-2024-02-24',
101 silly addNameRange     '1.42.0-alpha-2024-02-25',
101 silly addNameRange     '1.42.0-alpha-2024-02-26',
101 silly addNameRange     '1.42.0-alpha-2024-02-27',
101 silly addNameRange     '1.42.0-beta-1708994059000',
101 silly addNameRange     '1.42.0-beta-1708998003000',
101 silly addNameRange     '1.42.0-beta-1708998235000',
101 silly addNameRange     '1.42.0-beta-1709049149000',
101 silly addNameRange     '1.42.0-beta-1709060724000',
101 silly addNameRange     '1.42.0',
101 silly addNameRange     '1.43.0-alpha-2024-02-28',
101 silly addNameRange     '1.42.0-beta-1709158069000',
101 silly addNameRange     '1.43.0-alpha-2024-02-29',
101 silly addNameRange     '1.42.0-beta-1709198925000',
101 silly addNameRange     '1.42.0-beta-1709226226000',
101 silly addNameRange     '1.42.0-beta-1709239763000',
101 silly addNameRange     '1.43.0-alpha-2024-03-01',
101 silly addNameRange     '1.42.0-beta-1709254258000',
101 silly addNameRange     '1.42.0-beta-1709262915000',
101 silly addNameRange     '1.42.0-beta-1709314651000',
101 silly addNameRange     '1.42.0-beta-1709314844000',
101 silly addNameRange     '1.42.0-beta-1709320822000',
101 silly addNameRange     '1.42.1-beta-1709332975000',
101 silly addNameRange     '1.42.1',
101 silly addNameRange     '1.43.0-alpha-2024-03-02',
101 silly addNameRange     '1.43.0-alpha-2024-03-03',
101 silly addNameRange     '1.43.0-alpha-2024-03-04',
101 silly addNameRange     '1.43.0-alpha-2024-03-05',
101 silly addNameRange     '1.43.0-beta-1709675102000',
101 silly addNameRange     '1.43.0-alpha-2024-03-06',
101 silly addNameRange     '1.42.1-beta-1709718680000',
101 silly addNameRange     '1.43.0-alpha-2024-03-07',
101 silly addNameRange     '1.43.0-alpha-1709823751000',
101 silly addNameRange     '1.43.0-alpha-1709847741000',
101 silly addNameRange     '1.43.0-alpha-2024-03-08',
101 silly addNameRange     '1.43.0-alpha-2024-03-09',
101 silly addNameRange     '1.43.0-alpha-2024-03-10',
101 silly addNameRange     '1.43.0-alpha-2024-03-11',
101 silly addNameRange     '1.42.1-beta-1710181789000',
101 silly addNameRange     '1.42.1-beta-1710200485000',
101 silly addNameRange     '1.43.0-alpha-2024-03-12',
101 silly addNameRange     '1.42.1-beta-1710270182000',
101 silly addNameRange     '1.43.0-alpha-2024-03-13',
101 silly addNameRange     '1.43.0-alpha-2024-03-14',
101 silly addNameRange     '1.43.0-alpha-2024-03-15',
101 silly addNameRange     '1.43.0-alpha-1710520846000',
101 silly addNameRange     '1.43.0-alpha-2024-03-16',
101 silly addNameRange     '1.43.0-alpha-2024-03-17',
101 silly addNameRange     '1.43.0-alpha-2024-03-18',
101 silly addNameRange     '1.43.0-alpha-2024-03-19',
101 silly addNameRange     '1.43.0-alpha-2024-03-20',
101 silly addNameRange     '1.43.0-alpha-2024-03-21',
101 silly addNameRange     '1.43.0-alpha-1711027602000',
101 silly addNameRange     '1.43.0-alpha-2024-03-22',
101 silly addNameRange     '1.43.0-alpha-2024-03-23',
101 silly addNameRange     '1.43.0-alpha-2024-03-24',
101 silly addNameRange     '1.43.0-alpha-2024-03-25',
101 silly addNameRange     '1.43.0-alpha-2024-03-26',
101 silly addNameRange     '1.43.0-alpha-1711470013000',
101 silly addNameRange     '1.43.0-beta-1711484700000',
101 silly addNameRange     '1.43.0-beta-1711493485000',
101 silly addNameRange     '1.44.0-alpha-2024-03-27',
101 silly addNameRange     '1.43.0-beta-1711554436000',
101 silly addNameRange     '1.44.0-alpha-2024-03-28',
101 silly addNameRange     '1.43.0-beta-1711653598000',
101 silly addNameRange     '1.44.0-alpha-2024-03-29',
101 silly addNameRange     '1.43.0-beta-1711742093000',
101 silly addNameRange     '1.44.0-alpha-2024-03-30',
101 silly addNameRange     '1.44.0-alpha-2024-03-31',
101 silly addNameRange     '1.43.0-beta-1711849714000',
101 silly addNameRange     '1.44.0-alpha-2024-04-01',
101 silly addNameRange     '1.44.0-alpha-1711994091000',
101 silly addNameRange     '1.43.0-beta-1712010778000',
101 silly addNameRange     '1.44.0-alpha-2024-04-02',
101 silly addNameRange     '1.44.0-alpha-2024-04-03',
101 silly addNameRange     '1.43.0-beta-1712173949000',
101 silly addNameRange     '1.44.0-alpha-2024-04-04',
101 silly addNameRange     '1.43.0-beta-1712217576000',
101 silly addNameRange     '1.43.0-beta-1712258732000',
101 silly addNameRange     '1.43.0',
101 silly addNameRange     '1.44.0-alpha-2024-04-05',
101 silly addNameRange     '1.44.0-alpha-2024-04-06',
101 silly addNameRange     '1.44.0-alpha-2024-04-07',
101 silly addNameRange     '1.44.0-alpha-2024-04-08',
101 silly addNameRange     '1.44.0-alpha-2024-04-09',
101 silly addNameRange     '1.43.0-beta-1712646596000',
101 silly addNameRange     '1.44.0-alpha-2024-04-10',
101 silly addNameRange     '1.44.0-alpha-2024-04-11',
101 silly addNameRange     '1.43.0-beta-1712860105000',
101 silly addNameRange     '1.43.0-beta-1712871607000',
101 silly addNameRange     '1.44.0-alpha-2024-04-12',
101 silly addNameRange     '1.43.1-beta-1712942342000',
101 silly addNameRange     '1.43.1',
101 silly addNameRange     '1.44.0-alpha-2024-04-13',
101 silly addNameRange     '1.44.0-alpha-2024-04-14',
101 silly addNameRange     '1.44.0-alpha-2024-04-15',
101 silly addNameRange     '1.44.0-alpha-2024-04-16',
101 silly addNameRange     '1.44.0-alpha-2024-04-17',
101 silly addNameRange     '1.44.0-alpha-2024-04-18',
101 silly addNameRange     '1.44.0-alpha-2024-04-19',
101 silly addNameRange     '1.44.0-alpha-2024-04-22',
101 silly addNameRange     '1.44.0-alpha-2024-04-23',
101 silly addNameRange     '1.44.0-alpha-2024-04-24',
101 silly addNameRange     '1.44.0-alpha-2024-04-25',
101 silly addNameRange     '1.44.0-alpha-2024-04-26',
101 silly addNameRange     '1.44.0-alpha-1714168971000',
101 silly addNameRange     '1.44.0-alpha-2024-04-27',
101 silly addNameRange     '1.44.0-alpha-2024-04-28',
101 silly addNameRange     '1.44.0-alpha-2024-04-29',
101 silly addNameRange     '1.44.0-beta-1714434520000',
101 silly addNameRange     '1.44.0-beta-1714435420000',
101 silly addNameRange     '1.45.0-alpha-2024-04-30',
101 silly addNameRange     '1.45.0-alpha-1714760563000',
101 silly addNameRange     '1.45.0-alpha-2024-05-06',
101 silly addNameRange     '1.44.0-beta-1714753004000',
101 silly addNameRange     '1.44.0-beta-1715018865000',
101 silly addNameRange     '1.44.0-beta-1715020014000',
101 silly addNameRange     '1.44.0',
101 silly addNameRange     '1.45.0-alpha-2024-05-07',
101 silly addNameRange     '1.45.0-alpha-2024-05-08',
101 silly addNameRange     '1.44.0-beta-1715189091000',
101 silly addNameRange     '1.45.0-alpha-2024-05-09',
101 silly addNameRange     '1.45.0-alpha-2024-05-10',
101 silly addNameRange     '1.45.0-alpha-2024-05-11',
101 silly addNameRange     '1.45.0-alpha-2024-05-12',
101 silly addNameRange     '1.45.0-alpha-2024-05-13',
101 silly addNameRange     '1.45.0-alpha-2024-05-14',
101 silly addNameRange     '1.44.0-beta-1715706051000',
101 silly addNameRange     '1.45.0-alpha-2024-05-15',
101 silly addNameRange     '1.44.0-beta-1715791608000',
101 silly addNameRange     '1.44.0-beta-1715802478000',
101 silly addNameRange     '1.45.0-alpha-2024-05-16',
101 silly addNameRange     '1.45.0-alpha-2024-05-17',
101 silly addNameRange     '1.45.0-alpha-2024-05-18',
101 silly addNameRange     '1.45.0-alpha-2024-05-19',
101 silly addNameRange     '1.45.0-alpha-2024-05-20',
101 silly addNameRange     '1.45.0-alpha-2024-05-21',
101 silly addNameRange     '1.44.0-beta-1716285871000',
101 silly addNameRange     '1.44.0-beta-1716306049000',
101 silly addNameRange     '1.45.0-alpha-2024-05-22',
101 silly addNameRange     '1.45.0-alpha-2024-05-23',
101 silly addNameRange     '1.44.1-beta-1716449392000',
101 silly addNameRange     '1.44.1',
101 silly addNameRange     '1.44.1-beta-1716453231000',
101 silly addNameRange     '1.45.0-alpha-1716491102000',
101 silly addNameRange     '1.45.0-alpha-2024-05-24',
101 silly addNameRange     '1.45.0-alpha-2024-05-25',
101 silly addNameRange     '1.45.0-alpha-2024-05-26',
101 silly addNameRange     '1.45.0-alpha-2024-05-27',
101 silly addNameRange     '1.45.0-alpha-2024-05-28',
101 silly addNameRange     '1.45.0-alpha-2024-05-29',
101 silly addNameRange     '1.45.0-alpha-2024-05-30',
101 silly addNameRange     '1.45.0-alpha-2024-05-31' ] ]
102 silly addNamed @playwright/test@1.44.1
103 verbose addNamed "1.44.1" is a plain semver version for @playwright/test
104 silly mapToRegistry name @playwright/test
105 silly mapToRegistry scope (from package name) @playwright
106 verbose mapToRegistry no registry URL found in name for scope @playwright
107 silly mapToRegistry using default registry
108 silly mapToRegistry registry https://registry.npmjs.org/
109 silly mapToRegistry uri https://registry.npmjs.org/@playwright%2ftest
110 verbose addRemoteTarball https://registry.npmjs.org/@playwright/test/-/test-1.44.1.tgz not in flight; adding
111 verbose addRemoteTarball [ 'https://registry.npmjs.org/@playwright/test/-/test-1.44.1.tgz',
111 verbose addRemoteTarball   'cc874ec31342479ad99838040e99b5f604299bcb' ]
112 silly fetchAndShaCheck shasum 011a76bc1e71ae9a026dddcfd7039084f752c4b6
113 info retry fetch attempt 1 at 5:40:04 PM
114 info attempt registry request try #1 at 5:40:04 PM
115 http fetch GET https://registry.npmjs.org/@playwright/test/-/test-1.44.1.tgz
116 verbose request using bearer token for auth
117 verbose addTmpTarball /var/folders/1w/kqhjl9rs4ds_j5jfqsq7244h0000gn/T/npm-52806-0caf15af/registry.npmjs.org/_40types/node/-/node-20.13.0.tgz not in flight; adding
118 verbose addTmpTarball already have metadata; skipping unpack for @types/node@20.13.0
119 silly cache afterAdd @types/node@20.13.0
120 verbose afterAdd /Users/drewbrokke/Documents/liferay/liferay-portal/workspaces/liferay-sample-workspace/playwright/build/node/.cache/@types/node/20.13.0/package/package.json not in flight; writing
121 verbose afterAdd /Users/drewbrokke/Documents/liferay/liferay-portal/workspaces/liferay-sample-workspace/playwright/build/node/.cache/@types/node/20.13.0/package/package.json written
122 http fetch 200 https://registry.npmjs.org/@playwright/test/-/test-1.44.1.tgz
123 silly fetchAndShaCheck shasum cc874ec31342479ad99838040e99b5f604299bcb
124 verbose addTmpTarball /var/folders/1w/kqhjl9rs4ds_j5jfqsq7244h0000gn/T/npm-52806-0caf15af/registry.npmjs.org/_40playwright/test/-/test-1.44.1.tgz not in flight; adding
125 verbose addTmpTarball already have metadata; skipping unpack for @playwright/test@1.44.1
126 silly cache afterAdd @playwright/test@1.44.1
127 verbose afterAdd /Users/drewbrokke/Documents/liferay/liferay-portal/workspaces/liferay-sample-workspace/playwright/build/node/.cache/@playwright/test/1.44.1/package/package.json not in flight; writing
128 verbose afterAdd /Users/drewbrokke/Documents/liferay/liferay-portal/workspaces/liferay-sample-workspace/playwright/build/node/.cache/@playwright/test/1.44.1/package/package.json written
129 silly fetchNamedPackageData playwright
130 silly mapToRegistry name playwright
131 silly mapToRegistry using default registry
132 silly mapToRegistry registry https://registry.npmjs.org/
133 silly mapToRegistry uri https://registry.npmjs.org/playwright
134 verbose request uri https://registry.npmjs.org/playwright
135 verbose request no auth needed
136 info attempt registry request try #1 at 5:40:04 PM
137 verbose request using bearer token for auth
138 http request GET https://registry.npmjs.org/playwright
139 http 200 https://registry.npmjs.org/playwright
140 verbose headers { date: 'Fri, 31 May 2024 22:40:04 GMT',
140 verbose headers   'content-type': 'application/json',
140 verbose headers   'transfer-encoding': 'chunked',
140 verbose headers   connection: 'keep-alive',
140 verbose headers   'cf-ray': '88ca76adbf064c9e-MSP',
140 verbose headers   'cf-cache-status': 'HIT',
140 verbose headers   'access-control-allow-origin': '*',
140 verbose headers   age: '57',
140 verbose headers   'cache-control': 'public, max-age=300',
140 verbose headers   etag: 'W/"bff67933271cc9f44d11564664e1d438"',
140 verbose headers   'last-modified': 'Fri, 31 May 2024 00:27:31 GMT',
140 verbose headers   vary: 'accept-encoding, accept',
140 verbose headers   server: 'cloudflare',
140 verbose headers   'content-encoding': 'gzip' }
141 silly get cb [ 200,
141 silly get   { date: 'Fri, 31 May 2024 22:40:04 GMT',
141 silly get     'content-type': 'application/json',
141 silly get     'transfer-encoding': 'chunked',
141 silly get     connection: 'keep-alive',
141 silly get     'cf-ray': '88ca76adbf064c9e-MSP',
141 silly get     'cf-cache-status': 'HIT',
141 silly get     'access-control-allow-origin': '*',
141 silly get     age: '57',
141 silly get     'cache-control': 'public, max-age=300',
141 silly get     etag: 'W/"bff67933271cc9f44d11564664e1d438"',
141 silly get     'last-modified': 'Fri, 31 May 2024 00:27:31 GMT',
141 silly get     vary: 'accept-encoding, accept',
141 silly get     server: 'cloudflare',
141 silly get     'content-encoding': 'gzip' } ]
142 verbose get saving playwright to /Users/drewbrokke/Documents/liferay/liferay-portal/workspaces/liferay-sample-workspace/playwright/build/node/.cache/registry.npmjs.org/playwright/.cache.json
143 silly resolveWithNewModule playwright@1.44.1 checking installable status
144 warn engine playwright@1.44.1: wanted: {"node":">=16"} (current: {"node":"5.5.0","npm":"3.3.12"})
145 silly cache add args [ 'playwright@1.44.1', null ]
146 verbose cache add spec playwright@1.44.1
147 silly cache add parsed spec Result {
147 silly cache add   raw: 'playwright@1.44.1',
147 silly cache add   scope: null,
147 silly cache add   name: 'playwright',
147 silly cache add   rawSpec: '1.44.1',
147 silly cache add   spec: '1.44.1',
147 silly cache add   type: 'version' }
148 silly addNamed playwright@1.44.1
149 verbose addNamed "1.44.1" is a plain semver version for playwright
150 silly mapToRegistry name playwright
151 silly mapToRegistry using default registry
152 silly mapToRegistry registry https://registry.npmjs.org/
153 silly mapToRegistry uri https://registry.npmjs.org/playwright
154 verbose addNameVersion registry:https://registry.npmjs.org/playwright not in flight; fetching
155 verbose get https://registry.npmjs.org/playwright not expired, no request
156 silly mapToRegistry name playwright
157 silly mapToRegistry using default registry
158 silly mapToRegistry registry https://registry.npmjs.org/
159 silly mapToRegistry uri https://registry.npmjs.org/playwright
160 verbose addRemoteTarball https://registry.npmjs.org/playwright/-/playwright-1.44.1.tgz not in flight; adding
161 verbose addRemoteTarball [ 'https://registry.npmjs.org/playwright/-/playwright-1.44.1.tgz',
161 verbose addRemoteTarball   '5634369d777111c1eea9180430b7a184028e7892' ]
162 info retry fetch attempt 1 at 5:40:08 PM
163 info attempt registry request try #1 at 5:40:08 PM
164 http fetch GET https://registry.npmjs.org/playwright/-/playwright-1.44.1.tgz
165 verbose request using bearer token for auth
166 http fetch 200 https://registry.npmjs.org/playwright/-/playwright-1.44.1.tgz
167 silly fetchAndShaCheck shasum 5634369d777111c1eea9180430b7a184028e7892
168 verbose addTmpTarball /var/folders/1w/kqhjl9rs4ds_j5jfqsq7244h0000gn/T/npm-52806-0caf15af/registry.npmjs.org/playwright/-/playwright-1.44.1.tgz not in flight; adding
169 verbose addTmpTarball already have metadata; skipping unpack for playwright@1.44.1
170 silly cache afterAdd playwright@1.44.1
171 verbose afterAdd /Users/drewbrokke/Documents/liferay/liferay-portal/workspaces/liferay-sample-workspace/playwright/build/node/.cache/playwright/1.44.1/package/package.json not in flight; writing
172 verbose afterAdd /Users/drewbrokke/Documents/liferay/liferay-portal/workspaces/liferay-sample-workspace/playwright/build/node/.cache/playwright/1.44.1/package/package.json written
173 silly fetchNamedPackageData playwright-core
174 silly mapToRegistry name playwright-core
175 silly mapToRegistry using default registry
176 silly mapToRegistry registry https://registry.npmjs.org/
177 silly mapToRegistry uri https://registry.npmjs.org/playwright-core
178 silly fetchNamedPackageData fsevents
179 silly mapToRegistry name fsevents
180 silly mapToRegistry using default registry
181 silly mapToRegistry registry https://registry.npmjs.org/
182 silly mapToRegistry uri https://registry.npmjs.org/fsevents
183 verbose request uri https://registry.npmjs.org/playwright-core
184 verbose request no auth needed
185 info attempt registry request try #1 at 5:40:08 PM
186 verbose request using bearer token for auth
187 http request GET https://registry.npmjs.org/playwright-core
188 verbose request uri https://registry.npmjs.org/fsevents
189 verbose request no auth needed
190 info attempt registry request try #1 at 5:40:08 PM
191 verbose request using bearer token for auth
192 http request GET https://registry.npmjs.org/fsevents
193 http 200 https://registry.npmjs.org/fsevents
194 verbose headers { date: 'Fri, 31 May 2024 22:40:08 GMT',
194 verbose headers   'content-type': 'application/json',
194 verbose headers   'transfer-encoding': 'chunked',
194 verbose headers   connection: 'keep-alive',
194 verbose headers   'cf-ray': '88ca76c6cfa8a1c5-MSP',
194 verbose headers   'cf-cache-status': 'HIT',
194 verbose headers   'access-control-allow-origin': '*',
194 verbose headers   age: '33',
194 verbose headers   'cache-control': 'public, max-age=300',
194 verbose headers   etag: 'W/"f5138f87e80ddfba9e647e1f0c30f217"',
194 verbose headers   'last-modified': 'Mon, 21 Aug 2023 16:24:25 GMT',
194 verbose headers   vary: 'accept-encoding, accept',
194 verbose headers   server: 'cloudflare',
194 verbose headers   'content-encoding': 'gzip' }
195 silly get cb [ 200,
195 silly get   { date: 'Fri, 31 May 2024 22:40:08 GMT',
195 silly get     'content-type': 'application/json',
195 silly get     'transfer-encoding': 'chunked',
195 silly get     connection: 'keep-alive',
195 silly get     'cf-ray': '88ca76c6cfa8a1c5-MSP',
195 silly get     'cf-cache-status': 'HIT',
195 silly get     'access-control-allow-origin': '*',
195 silly get     age: '33',
195 silly get     'cache-control': 'public, max-age=300',
195 silly get     etag: 'W/"f5138f87e80ddfba9e647e1f0c30f217"',
195 silly get     'last-modified': 'Mon, 21 Aug 2023 16:24:25 GMT',
195 silly get     vary: 'accept-encoding, accept',
195 silly get     server: 'cloudflare',
195 silly get     'content-encoding': 'gzip' } ]
196 verbose get saving fsevents to /Users/drewbrokke/Documents/liferay/liferay-portal/workspaces/liferay-sample-workspace/playwright/build/node/.cache/registry.npmjs.org/fsevents/.cache.json
197 silly resolveWithNewModule fsevents@2.3.2 checking installable status
198 warn engine fsevents@2.3.2: wanted: {"node":"^8.16.0 || ^10.6.0 || >=11.0.0"} (current: {"node":"5.5.0","npm":"3.3.12"})
199 silly cache add args [ 'fsevents@2.3.2', null ]
200 verbose cache add spec fsevents@2.3.2
201 silly cache add parsed spec Result {
201 silly cache add   raw: 'fsevents@2.3.2',
201 silly cache add   scope: null,
201 silly cache add   name: 'fsevents',
201 silly cache add   rawSpec: '2.3.2',
201 silly cache add   spec: '2.3.2',
201 silly cache add   type: 'version' }
202 silly addNamed fsevents@2.3.2
203 verbose addNamed "2.3.2" is a plain semver version for fsevents
204 silly mapToRegistry name fsevents
205 silly mapToRegistry using default registry
206 silly mapToRegistry registry https://registry.npmjs.org/
207 silly mapToRegistry uri https://registry.npmjs.org/fsevents
208 verbose addNameVersion registry:https://registry.npmjs.org/fsevents not in flight; fetching
209 verbose get https://registry.npmjs.org/fsevents not expired, no request
210 silly mapToRegistry name fsevents
211 silly mapToRegistry using default registry
212 silly mapToRegistry registry https://registry.npmjs.org/
213 silly mapToRegistry uri https://registry.npmjs.org/fsevents
214 verbose addRemoteTarball https://registry.npmjs.org/fsevents/-/fsevents-2.3.2.tgz not in flight; adding
215 verbose addRemoteTarball [ 'https://registry.npmjs.org/fsevents/-/fsevents-2.3.2.tgz',
215 verbose addRemoteTarball   '8a526f78b8fdf4623b709e0b975c52c24c02fd1a' ]
216 info retry fetch attempt 1 at 5:40:08 PM
217 info attempt registry request try #1 at 5:40:08 PM
218 http fetch GET https://registry.npmjs.org/fsevents/-/fsevents-2.3.2.tgz
219 verbose request using bearer token for auth
220 http fetch 200 https://registry.npmjs.org/fsevents/-/fsevents-2.3.2.tgz
221 silly fetchAndShaCheck shasum 8a526f78b8fdf4623b709e0b975c52c24c02fd1a
222 verbose addTmpTarball /var/folders/1w/kqhjl9rs4ds_j5jfqsq7244h0000gn/T/npm-52806-0caf15af/registry.npmjs.org/fsevents/-/fsevents-2.3.2.tgz not in flight; adding
223 verbose addTmpTarball already have metadata; skipping unpack for fsevents@2.3.2
224 silly cache afterAdd fsevents@2.3.2
225 verbose afterAdd /Users/drewbrokke/Documents/liferay/liferay-portal/workspaces/liferay-sample-workspace/playwright/build/node/.cache/fsevents/2.3.2/package/package.json not in flight; writing
226 verbose afterAdd /Users/drewbrokke/Documents/liferay/liferay-portal/workspaces/liferay-sample-workspace/playwright/build/node/.cache/fsevents/2.3.2/package/package.json written
227 http 200 https://registry.npmjs.org/playwright-core
228 verbose headers { date: 'Fri, 31 May 2024 22:40:08 GMT',
228 verbose headers   'content-type': 'application/json',
228 verbose headers   'transfer-encoding': 'chunked',
228 verbose headers   connection: 'keep-alive',
228 verbose headers   'cf-ray': '88ca76c6cb714c96-MSP',
228 verbose headers   'cf-cache-status': 'HIT',
228 verbose headers   'access-control-allow-origin': '*',
228 verbose headers   age: '58',
228 verbose headers   'cache-control': 'public, max-age=300',
228 verbose headers   etag: 'W/"92d93804d5a64cba0df19109f0c147ca"',
228 verbose headers   'last-modified': 'Fri, 31 May 2024 00:27:45 GMT',
228 verbose headers   vary: 'accept-encoding, accept',
228 verbose headers   server: 'cloudflare',
228 verbose headers   'content-encoding': 'gzip' }
229 silly get cb [ 200,
229 silly get   { date: 'Fri, 31 May 2024 22:40:08 GMT',
229 silly get     'content-type': 'application/json',
229 silly get     'transfer-encoding': 'chunked',
229 silly get     connection: 'keep-alive',
229 silly get     'cf-ray': '88ca76c6cb714c96-MSP',
229 silly get     'cf-cache-status': 'HIT',
229 silly get     'access-control-allow-origin': '*',
229 silly get     age: '58',
229 silly get     'cache-control': 'public, max-age=300',
229 silly get     etag: 'W/"92d93804d5a64cba0df19109f0c147ca"',
229 silly get     'last-modified': 'Fri, 31 May 2024 00:27:45 GMT',
229 silly get     vary: 'accept-encoding, accept',
229 silly get     server: 'cloudflare',
229 silly get     'content-encoding': 'gzip' } ]
230 verbose get saving playwright-core to /Users/drewbrokke/Documents/liferay/liferay-portal/workspaces/liferay-sample-workspace/playwright/build/node/.cache/registry.npmjs.org/playwright-core/.cache.json
231 silly resolveWithNewModule playwright-core@1.44.1 checking installable status
232 warn engine playwright-core@1.44.1: wanted: {"node":">=16"} (current: {"node":"5.5.0","npm":"3.3.12"})
233 silly cache add args [ 'playwright-core@1.44.1', null ]
234 verbose cache add spec playwright-core@1.44.1
235 silly cache add parsed spec Result {
235 silly cache add   raw: 'playwright-core@1.44.1',
235 silly cache add   scope: null,
235 silly cache add   name: 'playwright-core',
235 silly cache add   rawSpec: '1.44.1',
235 silly cache add   spec: '1.44.1',
235 silly cache add   type: 'version' }
236 silly addNamed playwright-core@1.44.1
237 verbose addNamed "1.44.1" is a plain semver version for playwright-core
238 silly mapToRegistry name playwright-core
239 silly mapToRegistry using default registry
240 silly mapToRegistry registry https://registry.npmjs.org/
241 silly mapToRegistry uri https://registry.npmjs.org/playwright-core
242 verbose addNameVersion registry:https://registry.npmjs.org/playwright-core not in flight; fetching
243 verbose get https://registry.npmjs.org/playwright-core not expired, no request
244 silly mapToRegistry name playwright-core
245 silly mapToRegistry using default registry
246 silly mapToRegistry registry https://registry.npmjs.org/
247 silly mapToRegistry uri https://registry.npmjs.org/playwright-core
248 verbose addRemoteTarball https://registry.npmjs.org/playwright-core/-/playwright-core-1.44.1.tgz not in flight; adding
249 verbose addRemoteTarball [ 'https://registry.npmjs.org/playwright-core/-/playwright-core-1.44.1.tgz',
249 verbose addRemoteTarball   '53ec975503b763af6fc1a7aa995f34bc09ff447c' ]
250 info retry fetch attempt 1 at 5:40:10 PM
251 info attempt registry request try #1 at 5:40:10 PM
252 http fetch GET https://registry.npmjs.org/playwright-core/-/playwright-core-1.44.1.tgz
253 verbose request using bearer token for auth
254 http fetch 200 https://registry.npmjs.org/playwright-core/-/playwright-core-1.44.1.tgz
255 silly fetchAndShaCheck shasum 53ec975503b763af6fc1a7aa995f34bc09ff447c
256 verbose addTmpTarball /var/folders/1w/kqhjl9rs4ds_j5jfqsq7244h0000gn/T/npm-52806-0caf15af/registry.npmjs.org/playwright-core/-/playwright-core-1.44.1.tgz not in flight; adding
257 verbose addTmpTarball already have metadata; skipping unpack for playwright-core@1.44.1
258 silly cache afterAdd playwright-core@1.44.1
259 verbose afterAdd /Users/drewbrokke/Documents/liferay/liferay-portal/workspaces/liferay-sample-workspace/playwright/build/node/.cache/playwright-core/1.44.1/package/package.json not in flight; writing
260 verbose afterAdd /Users/drewbrokke/Documents/liferay/liferay-portal/workspaces/liferay-sample-workspace/playwright/build/node/.cache/playwright-core/1.44.1/package/package.json written
261 silly fetchNamedPackageData undici-types
262 silly mapToRegistry name undici-types
263 silly mapToRegistry using default registry
264 silly mapToRegistry registry https://registry.npmjs.org/
265 silly mapToRegistry uri https://registry.npmjs.org/undici-types
266 verbose request uri https://registry.npmjs.org/undici-types
267 verbose request no auth needed
268 info attempt registry request try #1 at 5:40:10 PM
269 verbose request using bearer token for auth
270 http request GET https://registry.npmjs.org/undici-types
271 http 200 https://registry.npmjs.org/undici-types
272 verbose headers { date: 'Fri, 31 May 2024 22:40:10 GMT',
272 verbose headers   'content-type': 'application/json',
272 verbose headers   'transfer-encoding': 'chunked',
272 verbose headers   connection: 'keep-alive',
272 verbose headers   'cf-ray': '88ca76d47f17a20c-MSP',
272 verbose headers   'cf-cache-status': 'HIT',
272 verbose headers   'access-control-allow-origin': '*',
272 verbose headers   'cache-control': 'public, max-age=300',
272 verbose headers   etag: 'W/"8012bab16b7948744d81e0858c5933bc"',
272 verbose headers   'last-modified': 'Wed, 29 May 2024 13:33:25 GMT',
272 verbose headers   vary: 'accept-encoding, accept',
272 verbose headers   server: 'cloudflare',
272 verbose headers   'content-encoding': 'gzip' }
273 silly get cb [ 200,
273 silly get   { date: 'Fri, 31 May 2024 22:40:10 GMT',
273 silly get     'content-type': 'application/json',
273 silly get     'transfer-encoding': 'chunked',
273 silly get     connection: 'keep-alive',
273 silly get     'cf-ray': '88ca76d47f17a20c-MSP',
273 silly get     'cf-cache-status': 'HIT',
273 silly get     'access-control-allow-origin': '*',
273 silly get     'cache-control': 'public, max-age=300',
273 silly get     etag: 'W/"8012bab16b7948744d81e0858c5933bc"',
273 silly get     'last-modified': 'Wed, 29 May 2024 13:33:25 GMT',
273 silly get     vary: 'accept-encoding, accept',
273 silly get     server: 'cloudflare',
273 silly get     'content-encoding': 'gzip' } ]
274 verbose get saving undici-types to /Users/drewbrokke/Documents/liferay/liferay-portal/workspaces/liferay-sample-workspace/playwright/build/node/.cache/registry.npmjs.org/undici-types/.cache.json
275 silly resolveWithNewModule undici-types@5.26.5 checking installable status
276 silly cache add args [ 'undici-types@~5.26.4', null ]
277 verbose cache add spec undici-types@~5.26.4
278 silly cache add parsed spec Result {
278 silly cache add   raw: 'undici-types@~5.26.4',
278 silly cache add   scope: null,
278 silly cache add   name: 'undici-types',
278 silly cache add   rawSpec: '~5.26.4',
278 silly cache add   spec: '>=5.26.4 <5.27.0',
278 silly cache add   type: 'range' }
279 silly addNamed undici-types@>=5.26.4 <5.27.0
280 verbose addNamed ">=5.26.4 <5.27.0" is a valid semver range for undici-types
281 silly addNameRange { name: 'undici-types',
281 silly addNameRange   range: '>=5.26.4 <5.27.0',
281 silly addNameRange   hasData: false }
282 silly mapToRegistry name undici-types
283 silly mapToRegistry using default registry
284 silly mapToRegistry registry https://registry.npmjs.org/
285 silly mapToRegistry uri https://registry.npmjs.org/undici-types
286 verbose addNameRange registry:https://registry.npmjs.org/undici-types not in flight; fetching
287 verbose get https://registry.npmjs.org/undici-types not expired, no request
288 silly addNameRange number 2 { name: 'undici-types',
288 silly addNameRange   range: '>=5.26.4 <5.27.0',
288 silly addNameRange   hasData: true }
289 silly addNameRange versions [ 'undici-types',
289 silly addNameRange   [ '0.0.1',
289 silly addNameRange     '5.24.0-test.2',
289 silly addNameRange     '5.24.0-test.5',
289 silly addNameRange     '5.24.0-test.6',
289 silly addNameRange     '5.25.1',
289 silly addNameRange     '5.25.2',
289 silly addNameRange     '5.25.3',
289 silly addNameRange     '5.26.0',
289 silly addNameRange     '5.26.1',
289 silly addNameRange     '5.26.2',
289 silly addNameRange     '5.26.3',
289 silly addNameRange     '5.26.4',
289 silly addNameRange     '5.26.5',
289 silly addNameRange     '5.27.0',
289 silly addNameRange     '5.27.1',
289 silly addNameRange     '5.27.2',
289 silly addNameRange     '5.28.0',
289 silly addNameRange     '5.28.1',
289 silly addNameRange     '5.28.2',
289 silly addNameRange     '6.0.0',
289 silly addNameRange     '6.0.1',
289 silly addNameRange     '6.1.0',
289 silly addNameRange     '6.2.0',
289 silly addNameRange     '6.2.1',
289 silly addNameRange     '6.3.0',
289 silly addNameRange     '6.4.0',
289 silly addNameRange     '6.5.0',
289 silly addNameRange     '6.6.0',
289 silly addNameRange     '6.6.1',
289 silly addNameRange     '5.28.3',
289 silly addNameRange     '6.6.2',
289 silly addNameRange     '6.7.0',
289 silly addNameRange     '6.7.1',
289 silly addNameRange     '6.8.0',
289 silly addNameRange     '6.9.0',
289 silly addNameRange     '6.10.0',
289 silly addNameRange     '6.10.2',
289 silly addNameRange     '6.10.1',
289 silly addNameRange     '6.11.0',
289 silly addNameRange     '5.28.4',
289 silly addNameRange     '6.11.1',
289 silly addNameRange     '6.12.0',
289 silly addNameRange     '6.13.0',
289 silly addNameRange     '6.14.0',
289 silly addNameRange     '6.14.1',
289 silly addNameRange     '6.15.0',
289 silly addNameRange     '6.16.0',
289 silly addNameRange     '6.16.1',
289 silly addNameRange     '6.17.0',
289 silly addNameRange     '6.18.0',
289 silly addNameRange     '6.18.1',
289 silly addNameRange     '6.18.2' ] ]
290 silly addNamed undici-types@5.26.5
291 verbose addNamed "5.26.5" is a plain semver version for undici-types
292 silly mapToRegistry name undici-types
293 silly mapToRegistry using default registry
294 silly mapToRegistry registry https://registry.npmjs.org/
295 silly mapToRegistry uri https://registry.npmjs.org/undici-types
296 verbose addRemoteTarball https://registry.npmjs.org/undici-types/-/undici-types-5.26.5.tgz not in flight; adding
297 verbose addRemoteTarball [ 'https://registry.npmjs.org/undici-types/-/undici-types-5.26.5.tgz',
297 verbose addRemoteTarball   'bcd539893d00b56e964fd2657a4866b221a65617' ]
298 info retry fetch attempt 1 at 5:40:10 PM
299 info attempt registry request try #1 at 5:40:10 PM
300 http fetch GET https://registry.npmjs.org/undici-types/-/undici-types-5.26.5.tgz
301 verbose request using bearer token for auth
302 http fetch 200 https://registry.npmjs.org/undici-types/-/undici-types-5.26.5.tgz
303 silly fetchAndShaCheck shasum bcd539893d00b56e964fd2657a4866b221a65617
304 verbose addTmpTarball /var/folders/1w/kqhjl9rs4ds_j5jfqsq7244h0000gn/T/npm-52806-0caf15af/registry.npmjs.org/undici-types/-/undici-types-5.26.5.tgz not in flight; adding
305 verbose addTmpTarball already have metadata; skipping unpack for undici-types@5.26.5
306 silly cache afterAdd undici-types@5.26.5
307 verbose afterAdd /Users/drewbrokke/Documents/liferay/liferay-portal/workspaces/liferay-sample-workspace/playwright/build/node/.cache/undici-types/5.26.5/package/package.json not in flight; writing
308 verbose afterAdd /Users/drewbrokke/Documents/liferay/liferay-portal/workspaces/liferay-sample-workspace/playwright/build/node/.cache/undici-types/5.26.5/package/package.json written
309 silly loadAllDepsIntoIdealTree Finishing
310 silly idealTree:prePrune playwright@1.0.0
310 silly idealTree:prePrune ├─┬ @playwright/test@1.44.1
310 silly idealTree:prePrune │ └── playwright@1.44.1
310 silly idealTree:prePrune ├── @types/node@20.13.0
310 silly idealTree:prePrune ├── fsevents@2.3.2
310 silly idealTree:prePrune ├── playwright-core@1.44.1
310 silly idealTree:prePrune └── undici-types@5.26.5
311 silly loadIdealTree Finishing
312 silly currentTree playwright@1.0.0
313 silly idealTree playwright@1.0.0
313 silly idealTree ├─┬ @playwright/test@1.44.1
313 silly idealTree │ └── playwright@1.44.1
313 silly idealTree ├── @types/node@20.13.0
313 silly idealTree ├── fsevents@2.3.2
313 silly idealTree ├── playwright-core@1.44.1
313 silly idealTree └── undici-types@5.26.5
314 silly generateActionsToTake Starting
315 silly install generateActionsToTake
316 silly generateActionsToTake Finishing
317 silly diffTrees action count 6
318 silly diffTrees add fsevents@2.3.2
319 silly diffTrees add playwright-core@1.44.1
320 silly diffTrees add playwright@1.44.1
321 silly diffTrees add @playwright/test@1.44.1
322 silly diffTrees add undici-types@5.26.5
323 silly diffTrees add @types/node@20.13.0
324 silly decomposeActions action count 48
325 silly decomposeActions fetch fsevents@2.3.2
326 silly decomposeActions extract fsevents@2.3.2
327 silly decomposeActions preinstall fsevents@2.3.2
328 silly decomposeActions build fsevents@2.3.2
329 silly decomposeActions install fsevents@2.3.2
330 silly decomposeActions postinstall fsevents@2.3.2
331 silly decomposeActions test fsevents@2.3.2
332 silly decomposeActions finalize fsevents@2.3.2
333 silly decomposeActions fetch playwright-core@1.44.1
334 silly decomposeActions extract playwright-core@1.44.1
335 silly decomposeActions preinstall playwright-core@1.44.1
336 silly decomposeActions build playwright-core@1.44.1
337 silly decomposeActions install playwright-core@1.44.1
338 silly decomposeActions postinstall playwright-core@1.44.1
339 silly decomposeActions test playwright-core@1.44.1
340 silly decomposeActions finalize playwright-core@1.44.1
341 silly decomposeActions fetch playwright@1.44.1
342 silly decomposeActions extract playwright@1.44.1
343 silly decomposeActions preinstall playwright@1.44.1
344 silly decomposeActions build playwright@1.44.1
345 silly decomposeActions install playwright@1.44.1
346 silly decomposeActions postinstall playwright@1.44.1
347 silly decomposeActions test playwright@1.44.1
348 silly decomposeActions finalize playwright@1.44.1
349 silly decomposeActions fetch @playwright/test@1.44.1
350 silly decomposeActions extract @playwright/test@1.44.1
351 silly decomposeActions preinstall @playwright/test@1.44.1
352 silly decomposeActions build @playwright/test@1.44.1
353 silly decomposeActions install @playwright/test@1.44.1
354 silly decomposeActions postinstall @playwright/test@1.44.1
355 silly decomposeActions test @playwright/test@1.44.1
356 silly decomposeActions finalize @playwright/test@1.44.1
357 silly decomposeActions fetch undici-types@5.26.5
358 silly decomposeActions extract undici-types@5.26.5
359 silly decomposeActions preinstall undici-types@5.26.5
360 silly decomposeActions build undici-types@5.26.5
361 silly decomposeActions install undici-types@5.26.5
362 silly decomposeActions postinstall undici-types@5.26.5
363 silly decomposeActions test undici-types@5.26.5
364 silly decomposeActions finalize undici-types@5.26.5
365 silly decomposeActions fetch @types/node@20.13.0
366 silly decomposeActions extract @types/node@20.13.0
367 silly decomposeActions preinstall @types/node@20.13.0
368 silly decomposeActions build @types/node@20.13.0
369 silly decomposeActions install @types/node@20.13.0
370 silly decomposeActions postinstall @types/node@20.13.0
371 silly decomposeActions test @types/node@20.13.0
372 silly decomposeActions finalize @types/node@20.13.0
373 silly executeActions Starting
374 silly install executeActions
375 silly doSerial global-install 0
376 silly doParallel fetch 6
377 verbose makeDirectory /Users/drewbrokke/Documents/liferay/liferay-portal/workspaces/liferay-sample-workspace/playwright/build/node/.cache/_locks creation not in flight; initializing
378 silly makeDirectory /Users/drewbrokke/Documents/liferay/liferay-portal/workspaces/liferay-sample-workspace/playwright/build/node/.cache/_locks uid: 501 gid: 20
379 verbose lock using /Users/drewbrokke/Documents/liferay/liferay-portal/workspaces/liferay-sample-workspace/playwright/build/node/.cache/_locks/staging-9a67995f9bb80216.lock for /Users/drewbrokke/Documents/liferay/liferay-portal/workspaces/liferay-sample-workspace/playwright/node_modules/.staging
380 silly doParallel extract 6
381 silly extract fsevents@2.3.2
382 silly extract playwright-core@1.44.1
383 silly extract playwright@1.44.1
384 silly extract @playwright/test@1.44.1
385 silly extract undici-types@5.26.5
386 silly extract @types/node@20.13.0
387 verbose unbuild node_modules/.staging/fsevents-2f810991075f34c6540df7a60500caa1
388 verbose unbuild node_modules/.staging/undici-types-9a9fbd60eedcb80b721afae6075bff85
389 verbose unbuild node_modules/.staging/@playwright/test-223c2c1231cbc8a4cd8b5095383ad246
390 verbose unbuild node_modules/.staging/playwright-core-40f2b84ee5497cc7c2436f9c127762b3
391 verbose unbuild node_modules/.staging/playwright-d00ffde694a7815c3b8d010688e096fb
392 verbose unbuild node_modules/.staging/@types/node-00b09e31a1c9dae7832b7b5578e9f51e
393 silly gentlyRm /Users/drewbrokke/Documents/liferay/liferay-portal/workspaces/liferay-sample-workspace/playwright/node_modules/.staging/fsevents-2f810991075f34c6540df7a60500caa1 is being purged from base /Users/drewbrokke/Documents/liferay/liferay-portal/workspaces/liferay-sample-workspace/playwright
394 silly gentlyRm /Users/drewbrokke/Documents/liferay/liferay-portal/workspaces/liferay-sample-workspace/playwright/node_modules/.staging/undici-types-9a9fbd60eedcb80b721afae6075bff85 is being purged from base /Users/drewbrokke/Documents/liferay/liferay-portal/workspaces/liferay-sample-workspace/playwright
395 verbose gentlyRm don't care about contents; nuking /Users/drewbrokke/Documents/liferay/liferay-portal/workspaces/liferay-sample-workspace/playwright/node_modules/.staging/fsevents-2f810991075f34c6540df7a60500caa1
396 silly gentlyRm /Users/drewbrokke/Documents/liferay/liferay-portal/workspaces/liferay-sample-workspace/playwright/node_modules/.staging/@playwright/test-223c2c1231cbc8a4cd8b5095383ad246 is being purged from base /Users/drewbrokke/Documents/liferay/liferay-portal/workspaces/liferay-sample-workspace/playwright
397 silly gentlyRm /Users/drewbrokke/Documents/liferay/liferay-portal/workspaces/liferay-sample-workspace/playwright/node_modules/.staging/playwright-core-40f2b84ee5497cc7c2436f9c127762b3 is being purged from base /Users/drewbrokke/Documents/liferay/liferay-portal/workspaces/liferay-sample-workspace/playwright
398 silly gentlyRm /Users/drewbrokke/Documents/liferay/liferay-portal/workspaces/liferay-sample-workspace/playwright/node_modules/.staging/playwright-d00ffde694a7815c3b8d010688e096fb is being purged from base /Users/drewbrokke/Documents/liferay/liferay-portal/workspaces/liferay-sample-workspace/playwright
399 verbose gentlyRm don't care about contents; nuking /Users/drewbrokke/Documents/liferay/liferay-portal/workspaces/liferay-sample-workspace/playwright/node_modules/.staging/undici-types-9a9fbd60eedcb80b721afae6075bff85
400 silly gentlyRm /Users/drewbrokke/Documents/liferay/liferay-portal/workspaces/liferay-sample-workspace/playwright/node_modules/.staging/@types/node-00b09e31a1c9dae7832b7b5578e9f51e is being purged from base /Users/drewbrokke/Documents/liferay/liferay-portal/workspaces/liferay-sample-workspace/playwright
401 verbose tar unpack /Users/drewbrokke/Documents/liferay/liferay-portal/workspaces/liferay-sample-workspace/playwright/build/node/.cache/fsevents/2.3.2/package.tgz
402 verbose tar unpacking to /Users/drewbrokke/Documents/liferay/liferay-portal/workspaces/liferay-sample-workspace/playwright/node_modules/.staging/fsevents-2f810991075f34c6540df7a60500caa1
403 silly gentlyRm /Users/drewbrokke/Documents/liferay/liferay-portal/workspaces/liferay-sample-workspace/playwright/node_modules/.staging/fsevents-2f810991075f34c6540df7a60500caa1 is being purged
404 verbose gentlyRm don't care about contents; nuking /Users/drewbrokke/Documents/liferay/liferay-portal/workspaces/liferay-sample-workspace/playwright/node_modules/.staging/@playwright/test-223c2c1231cbc8a4cd8b5095383ad246
405 verbose gentlyRm don't care about contents; nuking /Users/drewbrokke/Documents/liferay/liferay-portal/workspaces/liferay-sample-workspace/playwright/node_modules/.staging/playwright-core-40f2b84ee5497cc7c2436f9c127762b3
406 verbose gentlyRm don't care about contents; nuking /Users/drewbrokke/Documents/liferay/liferay-portal/workspaces/liferay-sample-workspace/playwright/node_modules/.staging/playwright-d00ffde694a7815c3b8d010688e096fb
407 verbose tar unpack /Users/drewbrokke/Documents/liferay/liferay-portal/workspaces/liferay-sample-workspace/playwright/build/node/.cache/undici-types/5.26.5/package.tgz
408 verbose tar unpacking to /Users/drewbrokke/Documents/liferay/liferay-portal/workspaces/liferay-sample-workspace/playwright/node_modules/.staging/undici-types-9a9fbd60eedcb80b721afae6075bff85
409 silly gentlyRm /Users/drewbrokke/Documents/liferay/liferay-portal/workspaces/liferay-sample-workspace/playwright/node_modules/.staging/undici-types-9a9fbd60eedcb80b721afae6075bff85 is being purged
410 verbose gentlyRm don't care about contents; nuking /Users/drewbrokke/Documents/liferay/liferay-portal/workspaces/liferay-sample-workspace/playwright/node_modules/.staging/@types/node-00b09e31a1c9dae7832b7b5578e9f51e
411 verbose gentlyRm don't care about contents; nuking /Users/drewbrokke/Documents/liferay/liferay-portal/workspaces/liferay-sample-workspace/playwright/node_modules/.staging/fsevents-2f810991075f34c6540df7a60500caa1
412 verbose tar unpack /Users/drewbrokke/Documents/liferay/liferay-portal/workspaces/liferay-sample-workspace/playwright/build/node/.cache/@playwright/test/1.44.1/package.tgz
413 verbose tar unpacking to /Users/drewbrokke/Documents/liferay/liferay-portal/workspaces/liferay-sample-workspace/playwright/node_modules/.staging/@playwright/test-223c2c1231cbc8a4cd8b5095383ad246
414 silly gentlyRm /Users/drewbrokke/Documents/liferay/liferay-portal/workspaces/liferay-sample-workspace/playwright/node_modules/.staging/@playwright/test-223c2c1231cbc8a4cd8b5095383ad246 is being purged
415 verbose tar unpack /Users/drewbrokke/Documents/liferay/liferay-portal/workspaces/liferay-sample-workspace/playwright/build/node/.cache/playwright-core/1.44.1/package.tgz
416 verbose tar unpacking to /Users/drewbrokke/Documents/liferay/liferay-portal/workspaces/liferay-sample-workspace/playwright/node_modules/.staging/playwright-core-40f2b84ee5497cc7c2436f9c127762b3
417 silly gentlyRm /Users/drewbrokke/Documents/liferay/liferay-portal/workspaces/liferay-sample-workspace/playwright/node_modules/.staging/playwright-core-40f2b84ee5497cc7c2436f9c127762b3 is being purged
418 verbose tar unpack /Users/drewbrokke/Documents/liferay/liferay-portal/workspaces/liferay-sample-workspace/playwright/build/node/.cache/playwright/1.44.1/package.tgz
419 verbose tar unpacking to /Users/drewbrokke/Documents/liferay/liferay-portal/workspaces/liferay-sample-workspace/playwright/node_modules/.staging/playwright-d00ffde694a7815c3b8d010688e096fb
420 silly gentlyRm /Users/drewbrokke/Documents/liferay/liferay-portal/workspaces/liferay-sample-workspace/playwright/node_modules/.staging/playwright-d00ffde694a7815c3b8d010688e096fb is being purged
421 verbose gentlyRm don't care about contents; nuking /Users/drewbrokke/Documents/liferay/liferay-portal/workspaces/liferay-sample-workspace/playwright/node_modules/.staging/undici-types-9a9fbd60eedcb80b721afae6075bff85
422 verbose tar unpack /Users/drewbrokke/Documents/liferay/liferay-portal/workspaces/liferay-sample-workspace/playwright/build/node/.cache/@types/node/20.13.0/package.tgz
423 verbose tar unpacking to /Users/drewbrokke/Documents/liferay/liferay-portal/workspaces/liferay-sample-workspace/playwright/node_modules/.staging/@types/node-00b09e31a1c9dae7832b7b5578e9f51e
424 silly gentlyRm /Users/drewbrokke/Documents/liferay/liferay-portal/workspaces/liferay-sample-workspace/playwright/node_modules/.staging/@types/node-00b09e31a1c9dae7832b7b5578e9f51e is being purged
425 silly gunzTarPerm modes [ '755', '644' ]
426 verbose gentlyRm don't care about contents; nuking /Users/drewbrokke/Documents/liferay/liferay-portal/workspaces/liferay-sample-workspace/playwright/node_modules/.staging/@playwright/test-223c2c1231cbc8a4cd8b5095383ad246
427 verbose gentlyRm don't care about contents; nuking /Users/drewbrokke/Documents/liferay/liferay-portal/workspaces/liferay-sample-workspace/playwright/node_modules/.staging/playwright-core-40f2b84ee5497cc7c2436f9c127762b3
428 verbose gentlyRm don't care about contents; nuking /Users/drewbrokke/Documents/liferay/liferay-portal/workspaces/liferay-sample-workspace/playwright/node_modules/.staging/playwright-d00ffde694a7815c3b8d010688e096fb
429 silly gunzTarPerm modes [ '755', '644' ]
430 verbose gentlyRm don't care about contents; nuking /Users/drewbrokke/Documents/liferay/liferay-portal/workspaces/liferay-sample-workspace/playwright/node_modules/.staging/@types/node-00b09e31a1c9dae7832b7b5578e9f51e
431 silly gunzTarPerm modes [ '755', '644' ]
432 silly gunzTarPerm modes [ '755', '644' ]
433 silly gunzTarPerm modes [ '755', '644' ]
434 silly gunzTarPerm modes [ '755', '644' ]
435 silly gunzTarPerm extractEntry LICENSE
436 silly gunzTarPerm extractEntry LICENSE
437 silly gunzTarPerm extractEntry package.json
438 silly gunzTarPerm extractEntry
439 silly gunzTarPerm extractEntry LICENSE
440 silly gunzTarPerm extractEntry LICENSE
441 silly gunzTarPerm extractEntry fsevents.js
442 silly gunzTarPerm extractEntry package.json
443 silly gunzTarPerm extractEntry NOTICE
444 silly gunzTarPerm extractEntry cli.js
445 silly gunzTarPerm extractEntry README.md
446 silly gunzTarPerm extractEntry agent.d.ts
447 silly gunzTarPerm extractEntry NOTICE
448 silly gunzTarPerm extractEntry .eslintrc.js
449 silly gunzTarPerm extractEntry NOTICE
450 silly gunzTarPerm extractEntry lib/utilsBundleImpl/xdg-open
451 silly gunzTarPerm extractEntry
452 silly gunzTarPerm extractEntry
453 silly gunzTarPerm extractEntry
454 silly gunzTarPerm extractEntry
455 silly gunzTarPerm extractEntry README.md
456 silly gunzTarPerm extractEntry fsevents.node
457 silly gunzTarPerm extractEntry api.d.ts
458 silly gunzTarPerm extractEntry balanced-pool.d.ts
459 silly gunzTarPerm extractEntry
460 silly gunzTarPerm extractEntry index.js
461 silly gunzTarPerm extractEntry reporter.js
462 silly gunzTarPerm extractEntry package.json
463 silly gunzTarPerm extractEntry README.md
464 silly gunzTarPerm extractEntry index.mjs
465 silly gunzTarPerm extractEntry reporter.mjs
466 silly gunzTarPerm extractEntry index.d.ts
467 silly gunzTarPerm extractEntry reporter.d.ts
468 silly gunzTarPerm extractEntry lib/vite/recorder/assets/codeMirrorModule-ez37Vkbh.css
469 silly gunzTarPerm extractEntry lib/transform/babelBundle.js
470 silly gunzTarPerm extractEntry lib/transform/babelBundleImpl.js
471 silly gunzTarPerm extractEntry cache.d.ts
472 silly gunzTarPerm extractEntry client.d.ts
473 silly gunzTarPerm extractEntry
474 silly gunzTarPerm extractEntry
475 silly gunzTarPerm extractEntry fsevents.d.ts
476 silly gunzTarPerm extractEntry lib/vite/traceViewer/codeMirrorModule.ez37Vkbh.css
477 silly gunzTarPerm extractEntry lib/vite/recorder/assets/index-B5iDPo7P.css
478 silly gunzTarPerm extractEntry lib/vite/traceViewer/index.CrbWWHbf.css
479 silly gunzTarPerm extractEntry lib/vite/traceViewer/testServerConnection.0WapKERv.css
480 silly gunzTarPerm extractEntry connector.d.ts
481 silly gunzTarPerm extractEntry
482 silly gunzTarPerm extractEntry
483 silly gunzTarPerm extractEntry content-type.d.ts
484 silly gunzTarPerm extractEntry cookies.d.ts
485 silly gunzTarPerm extractEntry
486 silly gunzTarPerm extractEntry
487 silly gunzTarPerm extractEntry
488 silly gunzTarPerm extractEntry lib/vite/traceViewer/uiMode.Btn2TM9w.css
489 silly gunzTarPerm extractEntry lib/vite/traceViewer/xtermModule.DSXBckUd.css
490 silly gunzTarPerm extractEntry
491 silly gunzTarPerm extractEntry diagnostics-channel.d.ts
492 silly gunzTarPerm extractEntry dispatcher.d.ts
493 silly gunzTarPerm extractEntry
494 silly gunzTarPerm extractEntry
495 silly gunzTarPerm extractEntry
496 silly gunzTarPerm extractEntry errors.d.ts
497 silly gunzTarPerm extractEntry fetch.d.ts
498 silly gunzTarPerm extractEntry bin/PrintDeps.exe
499 silly gunzTarPerm extractEntry
500 silly gunzTarPerm extractEntry
501 silly gunzTarPerm extractEntry
502 silly gunzTarPerm extractEntry
503 silly gunzTarPerm extractEntry file.d.ts
504 silly gunzTarPerm extractEntry filereader.d.ts
505 silly gunzTarPerm extractEntry lib/vite/htmlReport/index.html
506 silly gunzTarPerm extractEntry formdata.d.ts
507 silly gunzTarPerm extractEntry global-dispatcher.d.ts
508 silly gunzTarPerm extractEntry
509 silly gunzTarPerm extractEntry
510 silly gunzTarPerm extractEntry
511 silly gunzTarPerm extractEntry global-origin.d.ts
512 silly gunzTarPerm extractEntry handlers.d.ts
513 silly gunzTarPerm extractEntry
514 silly gunzTarPerm extractEntry
515 silly gunzTarPerm extractEntry
516 silly gunzTarPerm extractEntry header.d.ts
517 silly gunzTarPerm extractEntry index.d.ts
518 silly gunzTarPerm extractEntry lib/reporters/base.js
519 silly gunzTarPerm extractEntry
520 silly gunzTarPerm extractEntry
521 silly gunzTarPerm extractEntry
522 silly gunzTarPerm extractEntry interceptors.d.ts
523 silly gunzTarPerm extractEntry mock-agent.d.ts
524 silly gunzTarPerm extractEntry lib/reporters/blob.js
525 silly gunzTarPerm extractEntry lib/vite/recorder/index.html
526 silly gunzTarPerm extractEntry lib/reporters/versions/blobV1.js
527 silly gunzTarPerm extractEntry lib/vite/traceViewer/index.html
528 silly gunzTarPerm extractEntry cli.js
529 silly gunzTarPerm extractEntry lib/vite/traceViewer/snapshot.html
530 silly gunzTarPerm extractEntry lib/transform/compilationCache.js
531 silly gunzTarPerm extractEntry
532 silly gunzTarPerm extractEntry
533 silly gunzTarPerm extractEntry lib/vite/traceViewer/uiMode.html
534 silly gunzTarPerm extractEntry lib/common/config.js
535 silly gunzTarPerm extractEntry
536 silly gunzTarPerm extractEntry mock-client.d.ts
537 silly gunzTarPerm extractEntry mock-errors.d.ts
538 silly gunzTarPerm extractEntry lib/common/configLoader.js
539 silly gunzTarPerm extractEntry lib/runner/dispatcher.js
540 silly gunzTarPerm extractEntry lib/reporters/dot.js
541 silly gunzTarPerm extractEntry lib/client/accessibility.js
542 silly gunzTarPerm extractEntry lib/server/accessibility.js
543 silly gunzTarPerm extractEntry
544 silly gunzTarPerm extractEntry
545 silly gunzTarPerm extractEntry mock-interceptor.d.ts
546 silly gunzTarPerm extractEntry mock-pool.d.ts
547 silly gunzTarPerm extractEntry lib/reporters/empty.js
548 silly gunzTarPerm extractEntry lib/client/android.js
549 silly gunzTarPerm extractEntry lib/transform/esmLoader.js
550 silly gunzTarPerm extractEntry lib/server/android/android.js
551 silly gunzTarPerm extractEntry lib/common/esmLoaderHost.js
552 silly gunzTarPerm extractEntry lib/server/dispatchers/androidDispatcher.js
553 silly gunzTarPerm extractEntry lib/transform/esmUtils.js
554 silly gunzTarPerm extractEntry
555 silly gunzTarPerm extractEntry
556 silly gunzTarPerm extractEntry lib/isomorphic/events.js
557 silly gunzTarPerm extractEntry
558 silly gunzTarPerm extractEntry patch.d.ts
559 silly gunzTarPerm extractEntry pool-stats.d.ts
560 silly gunzTarPerm extractEntry lib/matchers/expect.js
561 silly gunzTarPerm extractEntry
562 silly gunzTarPerm extractEntry lib/common/expectBundle.js
563 silly gunzTarPerm extractEntry
564 silly gunzTarPerm extractEntry lib/androidServerImpl.js
565 silly gunzTarPerm extractEntry lib/common/expectBundleImpl.js
566 silly gunzTarPerm extractEntry lib/client/api.js
567 silly gunzTarPerm extractEntry
568 silly gunzTarPerm extractEntry
569 silly gunzTarPerm extractEntry
570 silly gunzTarPerm extractEntry pool.d.ts
571 silly gunzTarPerm extractEntry proxy-agent.d.ts
572 silly gunzTarPerm extractEntry lib/runner/failureTracker.js
573 silly gunzTarPerm extractEntry
574 silly gunzTarPerm extractEntry lib/client/artifact.js
575 silly gunzTarPerm extractEntry lib/server/artifact.js
576 silly gunzTarPerm extractEntry lib/server/dispatchers/artifactDispatcher.js
577 silly gunzTarPerm extractEntry lib/worker/fixtureRunner.js
578 silly gunzTarPerm extractEntry
579 silly gunzTarPerm extractEntry lib/utils/ascii.js
580 silly gunzTarPerm extractEntry lib/common/fixtures.js
581 silly gunzTarPerm extractEntry
582 silly gunzTarPerm extractEntry lib/server/android/backendAdb.js
583 silly gunzTarPerm extractEntry lib/isomorphic/folders.js
584 silly gunzTarPerm extractEntry readable.d.ts
585 silly gunzTarPerm extractEntry webidl.d.ts
586 silly gunzTarPerm extractEntry
587 silly gunzTarPerm extractEntry lib/client/browser.js
588 silly gunzTarPerm extractEntry lib/server/browser.js
589 silly gunzTarPerm extractEntry lib/fsWatcher.js
590 silly gunzTarPerm extractEntry lib/client/browserContext.js
591 silly gunzTarPerm extractEntry lib/plugins/gitCommitInfoPlugin.js
592 silly gunzTarPerm extractEntry lib/server/browserContext.js
593 silly gunzTarPerm extractEntry lib/reporters/github.js
594 silly gunzTarPerm extractEntry lib/server/dispatchers/browserContextDispatcher.js
595 silly gunzTarPerm extractEntry lib/common/globals.js
596 silly gunzTarPerm extractEntry websocket.d.ts
597 silly gunzTarPerm extractEntry
598 silly gunzTarPerm extractEntry
599 silly gunzTarPerm extractEntry lib/server/dispatchers/browserDispatcher.js
600 silly gunzTarPerm extractEntry lib/reporters/html.js
601 silly gunzTarPerm extractEntry
602 silly gunzTarPerm extractEntry lib/server/registry/browserFetcher.js
603 silly gunzTarPerm extractEntry lib/browserServerImpl.js
604 silly gunzTarPerm extractEntry index.js
605 silly gunzTarPerm extractEntry lib/client/browserType.js
606 silly gunzTarPerm extractEntry lib/index.js
607 silly gunzTarPerm extractEntry lib/server/browserType.js
608 silly gunzTarPerm extractEntry lib/plugins/index.js
609 silly gunzTarPerm extractEntry lib/server/dispatchers/browserTypeDispatcher.js
610 silly gunzTarPerm extractEntry lib/reporters/internalReporter.js
611 silly gunzTarPerm extractEntry lib/client/cdpSession.js
612 silly gunzTarPerm extractEntry
613 silly gunzTarPerm extractEntry
614 silly gunzTarPerm extractEntry lib/internalsForTest.js
615 silly gunzTarPerm extractEntry lib/server/dispatchers/cdpSessionDispatcher.js
616 silly gunzTarPerm extractEntry
617 silly gunzTarPerm extractEntry lib/common/ipc.js
618 silly gunzTarPerm extractEntry lib/client/channelOwner.js
619 silly gunzTarPerm extractEntry lib/reporters/json.js
620 silly gunzTarPerm extractEntry jsx-runtime.js
621 silly gunzTarPerm extractEntry lib/reporters/junit.js
622 silly gunzTarPerm extractEntry lib/reporters/line.js
623 silly gunzTarPerm extractEntry lib/reporters/list.js
624 silly gunzTarPerm extractEntry
625 silly gunzTarPerm extractEntry
626 silly gunzTarPerm extractEntry
627 silly gunzTarPerm extractEntry lib/runner/loaderHost.js
628 silly gunzTarPerm extractEntry lib/server/chromium/chromium.js
629 silly gunzTarPerm extractEntry lib/server/chromium/chromiumSwitches.js
630 silly gunzTarPerm extractEntry cli.js
631 silly gunzTarPerm extractEntry lib/loader/loaderMain.js
632 silly gunzTarPerm extractEntry lib/client/clientHelper.js
633 silly gunzTarPerm extractEntry lib/runner/loadUtils.js
634 silly gunzTarPerm extractEntry lib/client/clientInstrumentation.js
635 silly gunzTarPerm extractEntry lib/reporters/markdown.js
636 silly gunzTarPerm extractEntry lib/server/recorder/codeGenerator.js
637 silly gunzTarPerm extractEntry
638 silly gunzTarPerm extractEntry
639 silly gunzTarPerm extractEntry
640 silly gunzTarPerm extractEntry lib/matchers/matcherHint.js
641 silly gunzTarPerm extractEntry lib/vite/traceViewer/assets/codeMirrorModule-D-hINnYb.js
642 silly gunzTarPerm extractEntry lib/matchers/matchers.js
643 silly gunzTarPerm extractEntry
644 silly gunzTarPerm extractEntry lib/reporters/merge.js
645 silly gunzTarPerm extractEntry lib/reporters/multiplexer.js
646 silly gunzTarPerm extractEntry lib/common/poolBuilder.js
647 silly gunzTarPerm extractEntry lib/transform/portTransport.js
648 silly gunzTarPerm extractEntry lib/common/process.js
649 silly gunzTarPerm extractEntry
650 silly gunzTarPerm extractEntry
651 silly gunzTarPerm extractEntry lib/runner/processHost.js
652 silly gunzTarPerm extractEntry lib/program.js
653 silly gunzTarPerm extractEntry lib/vite/recorder/assets/codeMirrorModule-DjtisCyS.js
654 silly gunzTarPerm extractEntry
655 silly gunzTarPerm extractEntry
656 silly gunzTarPerm extractEntry lib/runner/projectUtils.js
657 silly gunzTarPerm extractEntry lib/runner/reporters.js
658 silly gunzTarPerm extractEntry lib/reporters/reporterV2.js
659 silly gunzTarPerm extractEntry lib/runner/runner.js
660 silly gunzTarPerm extractEntry
661 silly gunzTarPerm extractEntry lib/image_tools/colorUtils.js
662 silly gunzTarPerm extractEntry lib/runner/sigIntWatcher.js
663 silly gunzTarPerm extractEntry lib/isomorphic/stringInternPool.js
664 silly gunzTarPerm extractEntry lib/utils/comparators.js
665 silly gunzTarPerm extractEntry lib/image_tools/compare.js
666 silly gunzTarPerm extractEntry lib/common/suiteUtils.js
667 silly gunzTarPerm extractEntry lib/runner/taskRunner.js
668 silly gunzTarPerm extractEntry lib/client/connection.js
669 silly gunzTarPerm extractEntry lib/runner/tasks.js
670 silly gunzTarPerm extractEntry lib/reporters/teleEmitter.js
671 silly gunzTarPerm extractEntry lib/server/console.js
672 silly gunzTarPerm extractEntry lib/generated/consoleApiSource.js
673 silly gunzTarPerm extractEntry lib/isomorphic/teleReceiver.js
674 silly gunzTarPerm extractEntry lib/common/test.js
675 silly gunzTarPerm extractEntry lib/client/consoleMessage.js
676 silly gunzTarPerm extractEntry lib/server/cookieStore.js
677 silly gunzTarPerm extractEntry test.js
678 silly gunzTarPerm extractEntry lib/runner/testGroups.js
679 silly gunzTarPerm extractEntry lib/client/coverage.js
680 silly gunzTarPerm extractEntry lib/server/chromium/crAccessibility.js
681 silly gunzTarPerm extractEntry lib/worker/testInfo.js
682 silly gunzTarPerm extractEntry lib/common/testLoader.js
683 silly gunzTarPerm extractEntry lib/server/chromium/crBrowser.js
684 silly gunzTarPerm extractEntry lib/server/chromium/crConnection.js
685 silly gunzTarPerm extractEntry lib/runner/testServer.js
686 silly gunzTarPerm extractEntry lib/isomorphic/testServerConnection.js
687 silly gunzTarPerm extractEntry lib/isomorphic/testServerInterface.js
688 silly gunzTarPerm extractEntry lib/worker/testTracing.js
689 silly gunzTarPerm extractEntry lib/server/chromium/crCoverage.js
690 silly gunzTarPerm extractEntry lib/server/chromium/crDevTools.js
691 silly gunzTarPerm extractEntry lib/server/chromium/crDragDrop.js
692 silly gunzTarPerm extractEntry lib/server/chromium/crExecutionContext.js
693 silly gunzTarPerm extractEntry lib/isomorphic/testTree.js
694 silly gunzTarPerm extractEntry lib/common/testType.js
695 silly gunzTarPerm extractEntry lib/worker/timeoutManager.js
696 silly gunzTarPerm extractEntry lib/matchers/toBeTruthy.js
697 silly gunzTarPerm extractEntry lib/server/chromium/crInput.js
698 silly gunzTarPerm extractEntry lib/server/chromium/crNetworkManager.js
699 silly gunzTarPerm extractEntry lib/server/chromium/crPage.js
700 silly gunzTarPerm extractEntry lib/server/chromium/crPdf.js
701 silly gunzTarPerm extractEntry lib/matchers/toEqual.js
702 silly gunzTarPerm extractEntry lib/matchers/toMatchSnapshot.js
703 silly gunzTarPerm extractEntry lib/server/chromium/crProtocolHelper.js
704 silly gunzTarPerm extractEntry lib/server/chromium/crServiceWorker.js
705 silly gunzTarPerm extractEntry lib/matchers/toMatchText.js
706 silly gunzTarPerm extractEntry lib/transform/transform.js
707 silly gunzTarPerm extractEntry lib/utils/crypto.js
708 silly gunzTarPerm extractEntry lib/server/recorder/csharp.js
709 silly gunzTarPerm extractEntry lib/third_party/tsconfig-loader.js
710 silly gunzTarPerm extractEntry lib/runner/uiModeReporter.js
711 silly gunzTarPerm extractEntry lib/utils/isomorphic/cssParser.js
712 silly gunzTarPerm extractEntry lib/utils/isomorphic/cssTokenizer.js
713 silly gunzTarPerm extractEntry lib/util.js
714 silly gunzTarPerm extractEntry lib/utilsBundle.js
715 silly gunzTarPerm extractEntry lib/protocol/debug.js
716 silly gunzTarPerm extractEntry lib/utils/debug.js
717 silly gunzTarPerm extractEntry lib/utilsBundleImpl.js
718 silly gunzTarPerm extractEntry lib/runner/watchMode.js
719 silly gunzTarPerm extractEntry lib/server/debugController.js
720 silly gunzTarPerm extractEntry lib/server/dispatchers/debugControllerDispatcher.js
721 silly gunzTarPerm extractEntry lib/plugins/webServerPlugin.js
722 silly gunzTarPerm extractEntry lib/runner/workerHost.js
723 silly gunzTarPerm extractEntry lib/server/debugger.js
724 silly gunzTarPerm extractEntry lib/utils/debugLogger.js
725 silly gunzTarPerm extractEntry lib/worker/workerMain.js
726 silly gunzTarPerm extractEntry package.json
727 silly gunzTarPerm extractEntry README.md
728 silly gunzTarPerm extractEntry lib/server/chromium/defaultFontFamilies.js
729 silly gunzTarPerm extractEntry lib/server/registry/dependencies.js
730 silly gunzTarPerm extractEntry index.mjs
731 silly gunzTarPerm extractEntry jsx-runtime.mjs
732 silly gunzTarPerm extractEntry test.mjs
733 silly gunzTarPerm extractEntry index.d.ts
734 silly gunzTarPerm extractEntry test.d.ts
735 silly gunzTarPerm extractEntry lib/server/deviceDescriptors.js
736 silly gunzTarPerm extractEntry lib/client/dialog.js
737 silly gunzTarPerm extractEntry types/test.d.ts
738 silly gunzTarPerm extractEntry types/testReporter.d.ts
739 silly gunzTarPerm extractEntry ThirdPartyNotices.txt
740 silly gunzTarPerm extractEntry lib/server/dialog.js
741 silly gunzTarPerm extractEntry lib/server/dispatchers/dialogDispatcher.js
742 silly gunzTarPerm extractEntry lib/third_party/diff_match_patch.js
743 silly gunzTarPerm extractEntry lib/server/dispatchers/dispatcher.js
744 silly gunzTarPerm extractEntry lib/server/dom.js
745 silly gunzTarPerm extractEntry lib/client/download.js
746 silly gunzTarPerm extractEntry lib/server/download.js
747 silly gunzTarPerm extractEntry lib/cli/driver.js
748 silly gunzTarPerm extractEntry lib/client/electron.js
749 silly gunzTarPerm extractEntry lib/server/electron/electron.js
750 silly gunzTarPerm extractEntry lib/server/dispatchers/electronDispatcher.js
751 silly gunzTarPerm extractEntry lib/client/elementHandle.js
752 silly gunzTarPerm extractEntry lib/server/dispatchers/elementHandlerDispatcher.js
753 silly gunzTarPerm extractEntry lib/utils/env.js
754 silly gunzTarPerm extractEntry lib/client/errors.js
755 silly gunzTarPerm extractEntry lib/server/errors.js
756 silly gunzTarPerm extractEntry lib/client/events.js
757 silly gunzTarPerm extractEntry lib/utils/eventsHelper.js
758 silly gunzTarPerm extractEntry lib/client/fetch.js
759 silly gunzTarPerm extractEntry lib/server/fetch.js
760 silly gunzTarPerm extractEntry lib/server/firefox/ffAccessibility.js
761 silly gunzTarPerm extractEntry lib/server/firefox/ffBrowser.js
762 silly gunzTarPerm extractEntry lib/server/firefox/ffConnection.js
763 silly gunzTarPerm extractEntry lib/server/firefox/ffExecutionContext.js
764 silly gunzTarPerm extractEntry lib/server/firefox/ffInput.js
765 silly gunzTarPerm extractEntry lib/server/firefox/ffNetworkManager.js
766 silly gunzTarPerm extractEntry lib/server/firefox/ffPage.js
767 silly gunzTarPerm extractEntry lib/client/fileChooser.js
768 silly gunzTarPerm extractEntry lib/server/fileChooser.js
769 silly gunzTarPerm extractEntry lib/server/fileUploadUtils.js
770 silly gunzTarPerm extractEntry lib/utils/fileUtils.js
771 silly gunzTarPerm extractEntry lib/server/firefox/firefox.js
772 silly gunzTarPerm extractEntry lib/server/formData.js
773 silly gunzTarPerm extractEntry lib/client/frame.js
774 silly gunzTarPerm extractEntry lib/server/dispatchers/frameDispatcher.js
775 silly gunzTarPerm extractEntry lib/server/frames.js
776 silly gunzTarPerm extractEntry lib/server/frameSelectors.js
777 silly gunzTarPerm extractEntry lib/utils/glob.js
778 silly gunzTarPerm extractEntry lib/utils/happy-eyeballs.js
779 silly gunzTarPerm extractEntry lib/server/har/harRecorder.js
780 silly gunzTarPerm extractEntry lib/client/harRouter.js
781 silly gunzTarPerm extractEntry lib/server/har/harTracer.js
782 silly gunzTarPerm extractEntry lib/utils/headers.js
783 silly gunzTarPerm extractEntry lib/server/helper.js
784 silly gunzTarPerm extractEntry lib/utils/hostPlatform.js
785 silly gunzTarPerm extractEntry lib/utils/httpServer.js
786 silly gunzTarPerm extractEntry lib/image_tools/imageChannel.js
787 silly gunzTarPerm extractEntry lib/vite/recorder/assets/index-C8m4bkQ7.js
788 silly gunzTarPerm extractEntry lib/vite/traceViewer/index.9xqViRZD.js
789 silly gunzTarPerm extractEntry index.js
790 silly gunzTarPerm extractEntry lib/server/index.js
791 silly gunzTarPerm extractEntry lib/server/registry/index.js
792 silly gunzTarPerm extractEntry lib/utils/index.js
793 silly gunzTarPerm extractEntry lib/utilsBundleImpl/index.js
794 silly gunzTarPerm extractEntry lib/generated/injectedScriptSource.js
795 silly gunzTarPerm extractEntry lib/server/trace/test/inMemorySnapshotter.js
796 silly gunzTarPerm extractEntry lib/inprocess.js
797 silly gunzTarPerm extractEntry lib/inProcessFactory.js
798 silly gunzTarPerm extractEntry lib/client/input.js
799 silly gunzTarPerm extractEntry lib/server/input.js
800 silly gunzTarPerm extractEntry lib/server/instrumentation.js
801 silly gunzTarPerm extractEntry lib/server/recorder/java.js
802 silly gunzTarPerm extractEntry lib/server/javascript.js
803 silly gunzTarPerm extractEntry lib/server/recorder/javascript.js
804 silly gunzTarPerm extractEntry lib/client/jsHandle.js
805 silly gunzTarPerm extractEntry lib/server/dispatchers/jsHandleDispatcher.js
806 silly gunzTarPerm extractEntry lib/server/recorder/jsonl.js
807 silly gunzTarPerm extractEntry lib/client/jsonPipe.js
808 silly gunzTarPerm extractEntry lib/server/dispatchers/jsonPipeDispatcher.js
809 silly gunzTarPerm extractEntry lib/server/recorder/language.js
810 silly gunzTarPerm extractEntry lib/server/launchApp.js
811 silly gunzTarPerm extractEntry lib/utils/linuxUtils.js
812 silly gunzTarPerm extractEntry lib/server/electron/loader.js
813 silly gunzTarPerm extractEntry lib/client/localUtils.js
814 silly gunzTarPerm extractEntry lib/server/dispatchers/localUtilsDispatcher.js
815 silly gunzTarPerm extractEntry lib/client/locator.js
816 silly gunzTarPerm extractEntry lib/utils/isomorphic/locatorGenerators.js
817 silly gunzTarPerm extractEntry lib/utils/isomorphic/locatorParser.js
818 silly gunzTarPerm extractEntry lib/utils/isomorphic/locatorUtils.js
819 silly gunzTarPerm extractEntry lib/server/macEditingCommands.js
820 silly gunzTarPerm extractEntry lib/utils/manualPromise.js
821 silly gunzTarPerm extractEntry lib/utils/mimeType.js
822 silly gunzTarPerm extractEntry lib/utils/multimap.js
823 silly gunzTarPerm extractEntry lib/server/registry/nativeDeps.js
824 silly gunzTarPerm extractEntry lib/client/network.js
825 silly gunzTarPerm extractEntry lib/server/network.js
826 silly gunzTarPerm extractEntry lib/utils/network.js
827 silly gunzTarPerm extractEntry lib/server/dispatchers/networkDispatchers.js
828 silly gunzTarPerm extractEntry lib/server/registry/oopDownloadBrowserMain.js
829 silly gunzTarPerm extractEntry lib/outofprocess.js
830 silly gunzTarPerm extractEntry lib/client/page.js
831 silly gunzTarPerm extractEntry lib/server/page.js
832 silly gunzTarPerm extractEntry lib/server/dispatchers/pageDispatcher.js
833 silly gunzTarPerm extractEntry lib/server/pipeTransport.js
834 silly gunzTarPerm extractEntry lib/third_party/pixelmatch.js
835 silly gunzTarPerm extractEntry lib/client/playwright.js
836 silly gunzTarPerm extractEntry lib/server/playwright.js
837 silly gunzTarPerm extractEntry lib/remote/playwrightConnection.js
838 silly gunzTarPerm extractEntry lib/server/dispatchers/playwrightDispatcher.js
839 silly gunzTarPerm extractEntry lib/remote/playwrightServer.js
840 silly gunzTarPerm extractEntry lib/utils/processLauncher.js
841 silly gunzTarPerm extractEntry lib/utils/profiler.js
842 silly gunzTarPerm extractEntry lib/cli/program.js
843 silly gunzTarPerm extractEntry lib/cli/programWithTestStub.js
844 silly gunzTarPerm extractEntry lib/server/progress.js
845 silly gunzTarPerm extractEntry lib/server/protocolError.js
846 silly gunzTarPerm extractEntry lib/server/recorder/python.js
847 silly gunzTarPerm extractEntry lib/server/recorder.js
848 silly gunzTarPerm extractEntry lib/server/recorder/recorderActions.js
849 silly gunzTarPerm extractEntry lib/server/recorder/recorderApp.js
850 silly gunzTarPerm extractEntry lib/generated/recorderSource.js
851 silly gunzTarPerm extractEntry lib/server/recorder/recorderUtils.js
852 silly gunzTarPerm extractEntry lib/utils/rtti.js
853 silly gunzTarPerm extractEntry lib/server/screenshotter.js
854 silly gunzTarPerm extractEntry lib/utils/isomorphic/selectorParser.js
855 silly gunzTarPerm extractEntry lib/client/selectors.js
856 silly gunzTarPerm extractEntry lib/server/selectors.js
857 silly gunzTarPerm extractEntry lib/server/dispatchers/selectorsDispatcher.js
858 silly gunzTarPerm extractEntry lib/utils/semaphore.js
859 silly gunzTarPerm extractEntry lib/protocol/serializers.js
860 silly gunzTarPerm extractEntry lib/server/trace/recorder/snapshotter.js
861 silly gunzTarPerm extractEntry lib/server/trace/recorder/snapshotterInjected.js
862 silly gunzTarPerm extractEntry lib/server/socksInterceptor.js
863 silly gunzTarPerm extractEntry lib/common/socksProxy.js
864 silly gunzTarPerm extractEntry lib/utils/spawnAsync.js
865 silly gunzTarPerm extractEntry lib/utils/stackTrace.js
866 silly gunzTarPerm extractEntry lib/image_tools/stats.js
867 silly gunzTarPerm extractEntry lib/client/stream.js
868 silly gunzTarPerm extractEntry lib/server/dispatchers/streamDispatcher.js
869 silly gunzTarPerm extractEntry lib/utils/isomorphic/stringUtils.js
870 silly gunzTarPerm extractEntry lib/vite/traceViewer/sw.bundle.js
871 silly gunzTarPerm extractEntry lib/utils/task.js
872 silly gunzTarPerm extractEntry lib/vite/traceViewer/assets/testServerConnection-CpiRu-AA.js
873 silly gunzTarPerm extractEntry lib/utils/time.js
874 silly gunzTarPerm extractEntry lib/utils/timeoutRunner.js
875 silly gunzTarPerm extractEntry lib/common/timeoutSettings.js
876 silly gunzTarPerm extractEntry lib/utils/isomorphic/traceUtils.js
877 silly gunzTarPerm extractEntry lib/utils/traceUtils.js
878 silly gunzTarPerm extractEntry lib/server/trace/viewer/traceViewer.js
879 silly gunzTarPerm extractEntry lib/client/tracing.js
880 silly gunzTarPerm extractEntry lib/server/trace/recorder/tracing.js
881 silly gunzTarPerm extractEntry lib/server/dispatchers/tracingDispatcher.js
882 silly gunzTarPerm extractEntry lib/protocol/transport.js
883 silly gunzTarPerm extractEntry lib/server/transport.js
884 silly gunzTarPerm extractEntry lib/client/types.js
885 silly gunzTarPerm extractEntry lib/common/types.js
886 silly gunzTarPerm extractEntry lib/server/types.js
887 silly gunzTarPerm extractEntry lib/vite/traceViewer/uiMode.CdMTT2Sp.js
888 silly gunzTarPerm extractEntry lib/utils/userAgent.js
889 silly gunzTarPerm extractEntry lib/server/usKeyboardLayout.js
890 silly gunzTarPerm extractEntry lib/server/isomorphic/utilityScriptSerializers.js
891 silly gunzTarPerm extractEntry lib/generated/utilityScriptSource.js
892 silly gunzTarPerm extractEntry lib/server/recorder/utils.js
893 silly gunzTarPerm extractEntry lib/utilsBundle.js
894 silly gunzTarPerm extractEntry lib/protocol/validator.js
895 silly gunzTarPerm extractEntry lib/protocol/validatorPrimitives.js
896 silly gunzTarPerm extractEntry lib/client/video.js
897 silly gunzTarPerm extractEntry lib/server/chromium/videoRecorder.js
898 silly gunzTarPerm extractEntry lib/client/waiter.js
899 silly gunzTarPerm extractEntry lib/client/webError.js
900 silly gunzTarPerm extractEntry lib/server/webkit/webkit.js
901 silly gunzTarPerm extractEntry lib/server/webkit/wkAccessibility.js
902 silly gunzTarPerm extractEntry lib/server/webkit/wkBrowser.js
903 silly gunzTarPerm extractEntry lib/server/webkit/wkConnection.js
904 silly gunzTarPerm extractEntry lib/server/webkit/wkExecutionContext.js
905 silly gunzTarPerm extractEntry lib/server/webkit/wkInput.js
906 silly gunzTarPerm extractEntry lib/server/webkit/wkInterceptableRequest.js
907 silly gunzTarPerm extractEntry lib/server/webkit/wkPage.js
908 silly gunzTarPerm extractEntry lib/server/webkit/wkProvisionalPage.js
909 silly gunzTarPerm extractEntry lib/server/webkit/wkWorkers.js
910 silly gunzTarPerm extractEntry lib/client/worker.js
911 silly gunzTarPerm extractEntry lib/client/writableStream.js
912 silly gunzTarPerm extractEntry lib/server/dispatchers/writableStreamDispatcher.js
913 silly gunzTarPerm extractEntry lib/utils/wsServer.js
914 silly gunzTarPerm extractEntry lib/vite/traceViewer/assets/xtermModule-BeNbaIVa.js
915 silly gunzTarPerm extractEntry lib/zipBundle.js
916 silly gunzTarPerm extractEntry lib/zipBundleImpl.js
917 silly gunzTarPerm extractEntry lib/utils/zipFile.js
918 silly gunzTarPerm extractEntry lib/utils/zones.js
919 silly gunzTarPerm extractEntry browsers.json
920 silly gunzTarPerm extractEntry lib/server/deviceDescriptorsSource.json
921 silly gunzTarPerm extractEntry package.json
922 silly gunzTarPerm extractEntry bin/README.md
923 silly gunzTarPerm extractEntry README.md
924 silly gunzTarPerm extractEntry index.mjs
925 silly gunzTarPerm extractEntry lib/server/chromium/appIcon.png
926 silly gunzTarPerm extractEntry bin/install_media_pack.ps1
927 silly gunzTarPerm extractEntry bin/reinstall_chrome_beta_win.ps1
928 silly gunzTarPerm extractEntry bin/reinstall_chrome_stable_win.ps1
929 silly gunzTarPerm extractEntry bin/reinstall_msedge_beta_win.ps1
930 silly gunzTarPerm extractEntry bin/reinstall_msedge_dev_win.ps1
931 silly gunzTarPerm extractEntry bin/reinstall_msedge_stable_win.ps1
932 silly gunzTarPerm extractEntry bin/reinstall_chrome_beta_linux.sh
933 silly gunzTarPerm extractEntry bin/reinstall_chrome_beta_mac.sh
934 silly gunzTarPerm extractEntry bin/reinstall_chrome_stable_linux.sh
935 silly gunzTarPerm extractEntry bin/reinstall_chrome_stable_mac.sh
936 silly gunzTarPerm extractEntry bin/reinstall_msedge_beta_linux.sh
937 silly gunzTarPerm extractEntry bin/reinstall_msedge_beta_mac.sh
938 silly gunzTarPerm extractEntry bin/reinstall_msedge_dev_linux.sh
939 silly gunzTarPerm extractEntry bin/reinstall_msedge_dev_mac.sh
940 silly gunzTarPerm extractEntry bin/reinstall_msedge_stable_linux.sh
941 silly gunzTarPerm extractEntry bin/reinstall_msedge_stable_mac.sh
942 silly gunzTarPerm extractEntry lib/vite/recorder/playwright-logo.svg
943 silly gunzTarPerm extractEntry lib/vite/traceViewer/playwright-logo.svg
944 silly gunzTarPerm extractEntry index.d.ts
945 silly gunzTarPerm extractEntry types/protocol.d.ts
946 silly gunzTarPerm extractEntry types/structs.d.ts
947 silly gunzTarPerm extractEntry types/types.d.ts
948 silly gunzTarPerm extractEntry lib/vite/recorder/assets/codicon-DMa5iZz2.ttf
949 silly gunzTarPerm extractEntry lib/vite/traceViewer/codicon.DMa5iZz2.ttf
950 silly gunzTarPerm extractEntry ThirdPartyNotices.txt
951 verbose unlock done using /Users/drewbrokke/Documents/liferay/liferay-portal/workspaces/liferay-sample-workspace/playwright/build/node/.cache/_locks/staging-9a67995f9bb80216.lock for /Users/drewbrokke/Documents/liferay/liferay-portal/workspaces/liferay-sample-workspace/playwright/node_modules/.staging
952 silly rollbackFailedOptional Starting
953 silly rollbackFailedOptional Finishing
954 silly runTopLevelLifecycles Starting
955 silly runTopLevelLifecycles Finishing
956 silly install printInstalled
957 warn EPACKAGEJSON playwright@1.0.0 No description
958 warn EPACKAGEJSON playwright@1.0.0 No repository field.
959 verbose stack Error: ENOTDIR: not a directory, open '/Users/drewbrokke/Documents/liferay/liferay-portal/workspaces/liferay-sample-workspace/playwright/node_modules/.staging/@types/node-00b09e31a1c9dae7832b7b5578e9f51e/package.json'
959 verbose stack     at Error (native)
960 verbose cwd /Users/drewbrokke/Documents/liferay/liferay-portal/workspaces/liferay-sample-workspace/playwright
961 error Darwin 22.6.0
962 error argv "/Users/drewbrokke/Documents/liferay/liferay-portal/workspaces/liferay-sample-workspace/playwright/build/node/bin/node" "/Users/drewbrokke/Documents/liferay/liferay-portal/workspaces/liferay-sample-workspace/playwright/build/node/lib/node_modules/npm/bin/npm-cli.js" "--production" "false" "--cache" "/Users/drewbrokke/Documents/liferay/liferay-portal/workspaces/liferay-sample-workspace/playwright/build/node/.cache" "--loglevel" "warn" "--progress" "true" "install"
963 error node v5.5.0
964 error npm  v3.3.12
965 error path /Users/drewbrokke/Documents/liferay/liferay-portal/workspaces/liferay-sample-workspace/playwright/node_modules/.staging/@types/node-00b09e31a1c9dae7832b7b5578e9f51e/package.json
966 error code ENOTDIR
967 error errno -20
968 error syscall open
969 error ENOTDIR: not a directory, open '/Users/drewbrokke/Documents/liferay/liferay-portal/workspaces/liferay-sample-workspace/playwright/node_modules/.staging/@types/node-00b09e31a1c9dae7832b7b5578e9f51e/package.json'
970 error If you need help, you may report this error at:
970 error     <https://github.com/npm/npm/issues>
971 verbose exit [ -20, true ]
